,Epoch,nData,att_time,pur_time,clf_time,std_acc,att_acc,pur_acc_l,pur_acc_s,pur_acc_o,pur_acc_list_l,pur_acc_list_s,pur_acc_list_o,count_att,count_diff
0,1,100,7.801742,145.739598,0.583846,97.0,0.0,93.0,92.0,91.0,91.0,91.0,91.0,4,3
1,1,100,7.801742,145.739598,0.583846,97.0,0.0,93.0,92.0,91.0,93.0,93.0,91.0,4,3
2,1,100,7.801742,145.739598,0.583846,97.0,0.0,93.0,92.0,91.0,93.0,92.0,92.0,4,3
3,1,100,7.801742,145.739598,0.583846,97.0,0.0,93.0,92.0,91.0,93.0,92.0,92.0,4,3
4,1,100,7.801742,145.739598,0.583846,97.0,0.0,93.0,92.0,91.0,94.0,93.0,91.0,4,3
5,1,100,7.801742,145.739598,0.583846,97.0,0.0,93.0,92.0,91.0,95.0,93.0,91.0,4,3
6,1,100,7.801742,145.739598,0.583846,97.0,0.0,93.0,92.0,91.0,92.0,92.0,91.0,4,3
7,1,100,7.801742,145.739598,0.583846,97.0,0.0,93.0,92.0,91.0,93.0,92.0,92.0,4,3
8,1,100,7.801742,145.739598,0.583846,97.0,0.0,93.0,92.0,91.0,92.0,91.0,91.0,4,3
9,1,100,7.801742,145.739598,0.583846,97.0,0.0,93.0,92.0,91.0,93.0,92.0,91.0,4,3
10,2,100,1.609305,132.56144,0.588282,93.0,0.0,86.0,86.0,86.0,90.0,90.0,90.0,8,6
11,2,100,1.609305,132.56144,0.588282,93.0,0.0,86.0,86.0,86.0,86.0,86.0,84.0,8,6
12,2,100,1.609305,132.56144,0.588282,93.0,0.0,86.0,86.0,86.0,87.0,88.0,88.0,8,6
13,2,100,1.609305,132.56144,0.588282,93.0,0.0,86.0,86.0,86.0,85.0,86.0,86.0,8,6
14,2,100,1.609305,132.56144,0.588282,93.0,0.0,86.0,86.0,86.0,88.0,88.0,88.0,8,6
15,2,100,1.609305,132.56144,0.588282,93.0,0.0,86.0,86.0,86.0,87.0,86.0,87.0,8,6
16,2,100,1.609305,132.56144,0.588282,93.0,0.0,86.0,86.0,86.0,86.0,86.0,87.0,8,6
17,2,100,1.609305,132.56144,0.588282,93.0,0.0,86.0,86.0,86.0,86.0,85.0,86.0,8,6
18,2,100,1.609305,132.56144,0.588282,93.0,0.0,86.0,86.0,86.0,87.0,86.0,86.0,8,6
19,2,100,1.609305,132.56144,0.588282,93.0,0.0,86.0,86.0,86.0,86.0,86.0,86.0,8,6
20,3,100,1.6229770000000001,144.816249,0.587465,98.0,0.0,89.0,89.0,90.0,89.0,89.0,89.0,7,4
21,3,100,1.6229770000000001,144.816249,0.587465,98.0,0.0,89.0,89.0,90.0,92.0,91.0,86.0,7,4
22,3,100,1.6229770000000001,144.816249,0.587465,98.0,0.0,89.0,89.0,90.0,90.0,91.0,90.0,7,4
23,3,100,1.6229770000000001,144.816249,0.587465,98.0,0.0,89.0,89.0,90.0,92.0,91.0,89.0,7,4
24,3,100,1.6229770000000001,144.816249,0.587465,98.0,0.0,89.0,89.0,90.0,90.0,90.0,90.0,7,4
25,3,100,1.6229770000000001,144.816249,0.587465,98.0,0.0,89.0,89.0,90.0,91.0,90.0,89.0,7,4
26,3,100,1.6229770000000001,144.816249,0.587465,98.0,0.0,89.0,89.0,90.0,90.0,90.0,89.0,7,4
27,3,100,1.6229770000000001,144.816249,0.587465,98.0,0.0,89.0,89.0,90.0,91.0,90.0,90.0,7,4
28,3,100,1.6229770000000001,144.816249,0.587465,98.0,0.0,89.0,89.0,90.0,89.0,89.0,89.0,7,4
29,3,100,1.6229770000000001,144.816249,0.587465,98.0,0.0,89.0,89.0,90.0,89.0,89.0,90.0,7,4
30,4,100,1.616881,134.338033,0.254477,96.0,0.0,85.0,84.0,84.0,86.0,86.0,86.0,7,8
31,4,100,1.616881,134.338033,0.254477,96.0,0.0,85.0,84.0,84.0,86.0,88.0,88.0,7,8
32,4,100,1.616881,134.338033,0.254477,96.0,0.0,85.0,84.0,84.0,89.0,89.0,89.0,7,8
33,4,100,1.616881,134.338033,0.254477,96.0,0.0,85.0,84.0,84.0,84.0,86.0,87.0,7,8
34,4,100,1.616881,134.338033,0.254477,96.0,0.0,85.0,84.0,84.0,85.0,84.0,83.0,7,8
35,4,100,1.616881,134.338033,0.254477,96.0,0.0,85.0,84.0,84.0,85.0,85.0,84.0,7,8
36,4,100,1.616881,134.338033,0.254477,96.0,0.0,85.0,84.0,84.0,85.0,84.0,83.0,7,8
37,4,100,1.616881,134.338033,0.254477,96.0,0.0,85.0,84.0,84.0,85.0,84.0,87.0,7,8
38,4,100,1.616881,134.338033,0.254477,96.0,0.0,85.0,84.0,84.0,85.0,84.0,85.0,7,8
39,4,100,1.616881,134.338033,0.254477,96.0,0.0,85.0,84.0,84.0,85.0,84.0,84.0,7,8
40,5,100,1.281947,144.615047,0.581163,96.0,0.0,94.0,94.0,94.0,91.0,91.0,91.0,5,1
41,5,100,1.281947,144.615047,0.581163,96.0,0.0,94.0,94.0,94.0,93.0,91.0,90.0,5,1
42,5,100,1.281947,144.615047,0.581163,96.0,0.0,94.0,94.0,94.0,96.0,96.0,94.0,5,1
43,5,100,1.281947,144.615047,0.581163,96.0,0.0,94.0,94.0,94.0,94.0,94.0,92.0,5,1
44,5,100,1.281947,144.615047,0.581163,96.0,0.0,94.0,94.0,94.0,93.0,93.0,93.0,5,1
45,5,100,1.281947,144.615047,0.581163,96.0,0.0,94.0,94.0,94.0,91.0,91.0,92.0,5,1
46,5,100,1.281947,144.615047,0.581163,96.0,0.0,94.0,94.0,94.0,92.0,92.0,92.0,5,1
47,5,100,1.281947,144.615047,0.581163,96.0,0.0,94.0,94.0,94.0,93.0,93.0,94.0,5,1
48,5,100,1.281947,144.615047,0.581163,96.0,0.0,94.0,94.0,94.0,93.0,93.0,94.0,5,1
49,5,100,1.281947,144.615047,0.581163,96.0,0.0,94.0,94.0,94.0,94.0,94.0,94.0,5,1
50,6,100,1.6096819999999998,108.6504,0.584986,97.0,0.0,92.0,93.0,93.0,90.0,90.0,90.0,3,5
51,6,100,1.6096819999999998,108.6504,0.584986,97.0,0.0,92.0,93.0,93.0,91.0,90.0,91.0,3,5
52,6,100,1.6096819999999998,108.6504,0.584986,97.0,0.0,92.0,93.0,93.0,91.0,91.0,92.0,3,5
53,6,100,1.6096819999999998,108.6504,0.584986,97.0,0.0,92.0,93.0,93.0,91.0,91.0,92.0,3,5
54,6,100,1.6096819999999998,108.6504,0.584986,97.0,0.0,92.0,93.0,93.0,91.0,91.0,92.0,3,5
55,6,100,1.6096819999999998,108.6504,0.584986,97.0,0.0,92.0,93.0,93.0,92.0,92.0,93.0,3,5
56,6,100,1.6096819999999998,108.6504,0.584986,97.0,0.0,92.0,93.0,93.0,91.0,91.0,92.0,3,5
57,6,100,1.6096819999999998,108.6504,0.584986,97.0,0.0,92.0,93.0,93.0,91.0,92.0,93.0,3,5
58,6,100,1.6096819999999998,108.6504,0.584986,97.0,0.0,92.0,93.0,93.0,92.0,92.0,92.0,3,5
59,6,100,1.6096819999999998,108.6504,0.584986,97.0,0.0,92.0,93.0,93.0,92.0,93.0,93.0,3,5
60,7,100,0.659659,132.32938,0.579571,97.0,0.0,90.0,90.0,89.0,87.0,87.0,87.0,10,0
61,7,100,0.659659,132.32938,0.579571,97.0,0.0,90.0,90.0,89.0,91.0,91.0,91.0,10,0
62,7,100,0.659659,132.32938,0.579571,97.0,0.0,90.0,90.0,89.0,90.0,89.0,89.0,10,0
63,7,100,0.659659,132.32938,0.579571,97.0,0.0,90.0,90.0,89.0,89.0,90.0,91.0,10,0
64,7,100,0.659659,132.32938,0.579571,97.0,0.0,90.0,90.0,89.0,89.0,90.0,91.0,10,0
65,7,100,0.659659,132.32938,0.579571,97.0,0.0,90.0,90.0,89.0,88.0,89.0,90.0,10,0
66,7,100,0.659659,132.32938,0.579571,97.0,0.0,90.0,90.0,89.0,90.0,90.0,90.0,10,0
67,7,100,0.659659,132.32938,0.579571,97.0,0.0,90.0,90.0,89.0,90.0,91.0,90.0,10,0
68,7,100,0.659659,132.32938,0.579571,97.0,0.0,90.0,90.0,89.0,90.0,90.0,89.0,10,0
69,7,100,0.659659,132.32938,0.579571,97.0,0.0,90.0,90.0,89.0,90.0,90.0,89.0,10,0
70,8,100,1.6215169999999999,143.528321,0.585449,92.0,0.0,89.0,87.0,88.0,84.0,84.0,84.0,8,3
71,8,100,1.6215169999999999,143.528321,0.585449,92.0,0.0,89.0,87.0,88.0,87.0,86.0,87.0,8,3
72,8,100,1.6215169999999999,143.528321,0.585449,92.0,0.0,89.0,87.0,88.0,86.0,89.0,90.0,8,3
73,8,100,1.6215169999999999,143.528321,0.585449,92.0,0.0,89.0,87.0,88.0,87.0,88.0,87.0,8,3
74,8,100,1.6215169999999999,143.528321,0.585449,92.0,0.0,89.0,87.0,88.0,86.0,86.0,87.0,8,3
75,8,100,1.6215169999999999,143.528321,0.585449,92.0,0.0,89.0,87.0,88.0,85.0,86.0,88.0,8,3
76,8,100,1.6215169999999999,143.528321,0.585449,92.0,0.0,89.0,87.0,88.0,88.0,89.0,89.0,8,3
77,8,100,1.6215169999999999,143.528321,0.585449,92.0,0.0,89.0,87.0,88.0,87.0,88.0,88.0,8,3
78,8,100,1.6215169999999999,143.528321,0.585449,92.0,0.0,89.0,87.0,88.0,87.0,87.0,87.0,8,3
79,8,100,1.6215169999999999,143.528321,0.585449,92.0,0.0,89.0,87.0,88.0,89.0,87.0,88.0,8,3
80,9,100,1.612186,132.587352,0.253117,95.0,0.0,89.0,90.0,90.0,87.0,87.0,87.0,9,2
81,9,100,1.612186,132.587352,0.253117,95.0,0.0,89.0,90.0,90.0,87.0,87.0,87.0,9,2
82,9,100,1.612186,132.587352,0.253117,95.0,0.0,89.0,90.0,90.0,89.0,87.0,87.0,9,2
83,9,100,1.612186,132.587352,0.253117,95.0,0.0,89.0,90.0,90.0,89.0,89.0,88.0,9,2
84,9,100,1.612186,132.587352,0.253117,95.0,0.0,89.0,90.0,90.0,88.0,87.0,87.0,9,2
85,9,100,1.612186,132.587352,0.253117,95.0,0.0,89.0,90.0,90.0,87.0,86.0,87.0,9,2
86,9,100,1.612186,132.587352,0.253117,95.0,0.0,89.0,90.0,90.0,89.0,89.0,88.0,9,2
87,9,100,1.612186,132.587352,0.253117,95.0,0.0,89.0,90.0,90.0,88.0,88.0,89.0,9,2
88,9,100,1.612186,132.587352,0.253117,95.0,0.0,89.0,90.0,90.0,89.0,89.0,89.0,9,2
89,9,100,1.612186,132.587352,0.253117,95.0,0.0,89.0,90.0,90.0,89.0,90.0,90.0,9,2
90,10,100,1.306959,143.989285,0.584833,97.0,0.0,90.0,90.0,90.0,85.0,85.0,85.0,7,3
91,10,100,1.306959,143.989285,0.584833,97.0,0.0,90.0,90.0,90.0,88.0,87.0,89.0,7,3
92,10,100,1.306959,143.989285,0.584833,97.0,0.0,90.0,90.0,90.0,88.0,88.0,89.0,7,3
93,10,100,1.306959,143.989285,0.584833,97.0,0.0,90.0,90.0,90.0,87.0,88.0,88.0,7,3
94,10,100,1.306959,143.989285,0.584833,97.0,0.0,90.0,90.0,90.0,89.0,88.0,88.0,7,3
95,10,100,1.306959,143.989285,0.584833,97.0,0.0,90.0,90.0,90.0,90.0,89.0,88.0,7,3
96,10,100,1.306959,143.989285,0.584833,97.0,0.0,90.0,90.0,90.0,90.0,89.0,90.0,7,3
97,10,100,1.306959,143.989285,0.584833,97.0,0.0,90.0,90.0,90.0,90.0,91.0,89.0,7,3
98,10,100,1.306959,143.989285,0.584833,97.0,0.0,90.0,90.0,90.0,90.0,90.0,90.0,7,3
99,10,100,1.306959,143.989285,0.584833,97.0,0.0,90.0,90.0,90.0,90.0,90.0,90.0,7,3
100,11,100,1.6262560000000001,140.361301,0.221271,95.0,0.0,92.0,92.0,92.0,90.0,90.0,90.0,5,3
101,11,100,1.6262560000000001,140.361301,0.221271,95.0,0.0,92.0,92.0,92.0,90.0,90.0,86.0,5,3
102,11,100,1.6262560000000001,140.361301,0.221271,95.0,0.0,92.0,92.0,92.0,91.0,92.0,89.0,5,3
103,11,100,1.6262560000000001,140.361301,0.221271,95.0,0.0,92.0,92.0,92.0,91.0,91.0,89.0,5,3
104,11,100,1.6262560000000001,140.361301,0.221271,95.0,0.0,92.0,92.0,92.0,92.0,91.0,91.0,5,3
105,11,100,1.6262560000000001,140.361301,0.221271,95.0,0.0,92.0,92.0,92.0,92.0,92.0,91.0,5,3
106,11,100,1.6262560000000001,140.361301,0.221271,95.0,0.0,92.0,92.0,92.0,92.0,92.0,92.0,5,3
107,11,100,1.6262560000000001,140.361301,0.221271,95.0,0.0,92.0,92.0,92.0,92.0,92.0,92.0,5,3
108,11,100,1.6262560000000001,140.361301,0.221271,95.0,0.0,92.0,92.0,92.0,92.0,92.0,92.0,5,3
109,11,100,1.6262560000000001,140.361301,0.221271,95.0,0.0,92.0,92.0,92.0,92.0,92.0,92.0,5,3
110,12,100,0.657321,139.658497,0.591974,96.0,0.0,90.0,89.0,89.0,86.0,86.0,86.0,6,4
111,12,100,0.657321,139.658497,0.591974,96.0,0.0,90.0,89.0,89.0,87.0,87.0,87.0,6,4
112,12,100,0.657321,139.658497,0.591974,96.0,0.0,90.0,89.0,89.0,89.0,89.0,89.0,6,4
113,12,100,0.657321,139.658497,0.591974,96.0,0.0,90.0,89.0,89.0,87.0,87.0,88.0,6,4
114,12,100,0.657321,139.658497,0.591974,96.0,0.0,90.0,89.0,89.0,87.0,89.0,89.0,6,4
115,12,100,0.657321,139.658497,0.591974,96.0,0.0,90.0,89.0,89.0,88.0,89.0,87.0,6,4
116,12,100,0.657321,139.658497,0.591974,96.0,0.0,90.0,89.0,89.0,89.0,89.0,88.0,6,4
117,12,100,0.657321,139.658497,0.591974,96.0,0.0,90.0,89.0,89.0,89.0,91.0,90.0,6,4
118,12,100,0.657321,139.658497,0.591974,96.0,0.0,90.0,89.0,89.0,89.0,90.0,89.0,6,4
119,12,100,0.657321,139.658497,0.591974,96.0,0.0,90.0,89.0,89.0,90.0,89.0,89.0,6,4
120,13,100,1.617042,145.166421,0.558493,96.0,0.0,90.0,89.0,90.0,89.0,89.0,89.0,7,3
121,13,100,1.617042,145.166421,0.558493,96.0,0.0,90.0,89.0,90.0,89.0,89.0,91.0,7,3
122,13,100,1.617042,145.166421,0.558493,96.0,0.0,90.0,89.0,90.0,92.0,91.0,90.0,7,3
123,13,100,1.617042,145.166421,0.558493,96.0,0.0,90.0,89.0,90.0,89.0,89.0,91.0,7,3
124,13,100,1.617042,145.166421,0.558493,96.0,0.0,90.0,89.0,90.0,90.0,89.0,89.0,7,3
125,13,100,1.617042,145.166421,0.558493,96.0,0.0,90.0,89.0,90.0,90.0,90.0,91.0,7,3
126,13,100,1.617042,145.166421,0.558493,96.0,0.0,90.0,89.0,90.0,90.0,91.0,91.0,7,3
127,13,100,1.617042,145.166421,0.558493,96.0,0.0,90.0,89.0,90.0,89.0,90.0,91.0,7,3
128,13,100,1.617042,145.166421,0.558493,96.0,0.0,90.0,89.0,90.0,90.0,89.0,89.0,7,3
129,13,100,1.617042,145.166421,0.558493,96.0,0.0,90.0,89.0,90.0,90.0,89.0,90.0,7,3
130,14,100,0.658472,133.693407,0.443227,93.0,0.0,93.0,92.0,92.0,84.0,84.0,84.0,4,3
131,14,100,0.658472,133.693407,0.443227,93.0,0.0,93.0,92.0,92.0,89.0,90.0,87.0,4,3
132,14,100,0.658472,133.693407,0.443227,93.0,0.0,93.0,92.0,92.0,90.0,89.0,89.0,4,3
133,14,100,0.658472,133.693407,0.443227,93.0,0.0,93.0,92.0,92.0,91.0,91.0,90.0,4,3
134,14,100,0.658472,133.693407,0.443227,93.0,0.0,93.0,92.0,92.0,91.0,90.0,90.0,4,3
135,14,100,0.658472,133.693407,0.443227,93.0,0.0,93.0,92.0,92.0,92.0,92.0,91.0,4,3
136,14,100,0.658472,133.693407,0.443227,93.0,0.0,93.0,92.0,92.0,91.0,91.0,90.0,4,3
137,14,100,0.658472,133.693407,0.443227,93.0,0.0,93.0,92.0,92.0,92.0,92.0,92.0,4,3
138,14,100,0.658472,133.693407,0.443227,93.0,0.0,93.0,92.0,92.0,93.0,92.0,92.0,4,3
139,14,100,0.658472,133.693407,0.443227,93.0,0.0,93.0,92.0,92.0,93.0,92.0,92.0,4,3
140,15,100,1.620902,144.278892,0.586207,98.0,0.0,94.0,93.0,94.0,92.0,92.0,92.0,4,2
141,15,100,1.620902,144.278892,0.586207,98.0,0.0,94.0,93.0,94.0,94.0,94.0,94.0,4,2
142,15,100,1.620902,144.278892,0.586207,98.0,0.0,94.0,93.0,94.0,94.0,93.0,94.0,4,2
143,15,100,1.620902,144.278892,0.586207,98.0,0.0,94.0,93.0,94.0,95.0,94.0,94.0,4,2
144,15,100,1.620902,144.278892,0.586207,98.0,0.0,94.0,93.0,94.0,95.0,96.0,96.0,4,2
145,15,100,1.620902,144.278892,0.586207,98.0,0.0,94.0,93.0,94.0,92.0,95.0,94.0,4,2
146,15,100,1.620902,144.278892,0.586207,98.0,0.0,94.0,93.0,94.0,94.0,94.0,94.0,4,2
147,15,100,1.620902,144.278892,0.586207,98.0,0.0,94.0,93.0,94.0,94.0,93.0,93.0,4,2
148,15,100,1.620902,144.278892,0.586207,98.0,0.0,94.0,93.0,94.0,93.0,94.0,93.0,4,2
149,15,100,1.620902,144.278892,0.586207,98.0,0.0,94.0,93.0,94.0,94.0,93.0,94.0,4,2
150,16,100,1.615073,132.88653,0.58912,96.0,0.0,91.0,92.0,90.0,87.0,87.0,87.0,5,4
151,16,100,1.615073,132.88653,0.58912,96.0,0.0,91.0,92.0,90.0,89.0,88.0,87.0,5,4
152,16,100,1.615073,132.88653,0.58912,96.0,0.0,91.0,92.0,90.0,90.0,90.0,90.0,5,4
153,16,100,1.615073,132.88653,0.58912,96.0,0.0,91.0,92.0,90.0,88.0,88.0,89.0,5,4
154,16,100,1.615073,132.88653,0.58912,96.0,0.0,91.0,92.0,90.0,90.0,90.0,90.0,5,4
155,16,100,1.615073,132.88653,0.58912,96.0,0.0,91.0,92.0,90.0,91.0,89.0,90.0,5,4
156,16,100,1.615073,132.88653,0.58912,96.0,0.0,91.0,92.0,90.0,92.0,92.0,92.0,5,4
157,16,100,1.615073,132.88653,0.58912,96.0,0.0,91.0,92.0,90.0,91.0,91.0,90.0,5,4
158,16,100,1.615073,132.88653,0.58912,96.0,0.0,91.0,92.0,90.0,91.0,91.0,91.0,5,4
159,16,100,1.615073,132.88653,0.58912,96.0,0.0,91.0,92.0,90.0,91.0,92.0,90.0,5,4
160,17,100,1.623338,145.027876,0.585516,97.0,0.0,92.0,92.0,91.0,85.0,85.0,85.0,7,1
161,17,100,1.623338,145.027876,0.585516,97.0,0.0,92.0,92.0,91.0,88.0,89.0,86.0,7,1
162,17,100,1.623338,145.027876,0.585516,97.0,0.0,92.0,92.0,91.0,86.0,87.0,88.0,7,1
163,17,100,1.623338,145.027876,0.585516,97.0,0.0,92.0,92.0,91.0,90.0,90.0,88.0,7,1
164,17,100,1.623338,145.027876,0.585516,97.0,0.0,92.0,92.0,91.0,92.0,92.0,92.0,7,1
165,17,100,1.623338,145.027876,0.585516,97.0,0.0,92.0,92.0,91.0,93.0,92.0,91.0,7,1
166,17,100,1.623338,145.027876,0.585516,97.0,0.0,92.0,92.0,91.0,91.0,92.0,91.0,7,1
167,17,100,1.623338,145.027876,0.585516,97.0,0.0,92.0,92.0,91.0,91.0,91.0,91.0,7,1
168,17,100,1.623338,145.027876,0.585516,97.0,0.0,92.0,92.0,91.0,92.0,92.0,93.0,7,1
169,17,100,1.623338,145.027876,0.585516,97.0,0.0,92.0,92.0,91.0,92.0,92.0,91.0,7,1
170,18,100,1.61382,134.142251,0.25921,94.0,0.0,88.0,88.0,87.0,88.0,88.0,88.0,9,3
171,18,100,1.61382,134.142251,0.25921,94.0,0.0,88.0,88.0,87.0,88.0,89.0,88.0,9,3
172,18,100,1.61382,134.142251,0.25921,94.0,0.0,88.0,88.0,87.0,86.0,86.0,88.0,9,3
173,18,100,1.61382,134.142251,0.25921,94.0,0.0,88.0,88.0,87.0,87.0,88.0,88.0,9,3
174,18,100,1.61382,134.142251,0.25921,94.0,0.0,88.0,88.0,87.0,88.0,88.0,89.0,9,3
175,18,100,1.61382,134.142251,0.25921,94.0,0.0,88.0,88.0,87.0,88.0,88.0,87.0,9,3
176,18,100,1.61382,134.142251,0.25921,94.0,0.0,88.0,88.0,87.0,89.0,88.0,88.0,9,3
177,18,100,1.61382,134.142251,0.25921,94.0,0.0,88.0,88.0,87.0,89.0,89.0,88.0,9,3
178,18,100,1.61382,134.142251,0.25921,94.0,0.0,88.0,88.0,87.0,89.0,88.0,88.0,9,3
179,18,100,1.61382,134.142251,0.25921,94.0,0.0,88.0,88.0,87.0,88.0,88.0,87.0,9,3
180,19,100,0.757832,143.698426,0.58061,94.0,0.0,90.0,89.0,89.0,89.0,89.0,89.0,6,4
181,19,100,0.757832,143.698426,0.58061,94.0,0.0,90.0,89.0,89.0,88.0,88.0,86.0,6,4
182,19,100,0.757832,143.698426,0.58061,94.0,0.0,90.0,89.0,89.0,89.0,87.0,88.0,6,4
183,19,100,0.757832,143.698426,0.58061,94.0,0.0,90.0,89.0,89.0,89.0,87.0,88.0,6,4
184,19,100,0.757832,143.698426,0.58061,94.0,0.0,90.0,89.0,89.0,89.0,87.0,87.0,6,4
185,19,100,0.757832,143.698426,0.58061,94.0,0.0,90.0,89.0,89.0,91.0,87.0,87.0,6,4
186,19,100,0.757832,143.698426,0.58061,94.0,0.0,90.0,89.0,89.0,89.0,88.0,86.0,6,4
187,19,100,0.757832,143.698426,0.58061,94.0,0.0,90.0,89.0,89.0,91.0,87.0,87.0,6,4
188,19,100,0.757832,143.698426,0.58061,94.0,0.0,90.0,89.0,89.0,90.0,89.0,89.0,6,4
189,19,100,0.757832,143.698426,0.58061,94.0,0.0,90.0,89.0,89.0,90.0,89.0,89.0,6,4
190,20,100,1.61443,141.363628,0.220884,92.0,0.0,91.0,89.0,90.0,88.0,88.0,88.0,8,1
191,20,100,1.61443,141.363628,0.220884,92.0,0.0,91.0,89.0,90.0,88.0,88.0,89.0,8,1
192,20,100,1.61443,141.363628,0.220884,92.0,0.0,91.0,89.0,90.0,89.0,88.0,88.0,8,1
193,20,100,1.61443,141.363628,0.220884,92.0,0.0,91.0,89.0,90.0,90.0,89.0,89.0,8,1
194,20,100,1.61443,141.363628,0.220884,92.0,0.0,91.0,89.0,90.0,89.0,90.0,90.0,8,1
195,20,100,1.61443,141.363628,0.220884,92.0,0.0,91.0,89.0,90.0,89.0,90.0,89.0,8,1
196,20,100,1.61443,141.363628,0.220884,92.0,0.0,91.0,89.0,90.0,90.0,91.0,89.0,8,1
197,20,100,1.61443,141.363628,0.220884,92.0,0.0,91.0,89.0,90.0,91.0,90.0,91.0,8,1
198,20,100,1.61443,141.363628,0.220884,92.0,0.0,91.0,89.0,90.0,90.0,90.0,90.0,8,1
199,20,100,1.61443,141.363628,0.220884,92.0,0.0,91.0,89.0,90.0,91.0,89.0,90.0,8,1
200,21,100,0.658309,138.334316,0.591135,95.0,0.0,82.0,81.0,82.0,83.0,83.0,83.0,10,8
201,21,100,0.658309,138.334316,0.591135,95.0,0.0,82.0,81.0,82.0,84.0,84.0,84.0,10,8
202,21,100,0.658309,138.334316,0.591135,95.0,0.0,82.0,81.0,82.0,83.0,84.0,82.0,10,8
203,21,100,0.658309,138.334316,0.591135,95.0,0.0,82.0,81.0,82.0,84.0,84.0,84.0,10,8
204,21,100,0.658309,138.334316,0.591135,95.0,0.0,82.0,81.0,82.0,84.0,83.0,82.0,10,8
205,21,100,0.658309,138.334316,0.591135,95.0,0.0,82.0,81.0,82.0,83.0,83.0,83.0,10,8
206,21,100,0.658309,138.334316,0.591135,95.0,0.0,82.0,81.0,82.0,83.0,82.0,82.0,10,8
207,21,100,0.658309,138.334316,0.591135,95.0,0.0,82.0,81.0,82.0,83.0,82.0,82.0,10,8
208,21,100,0.658309,138.334316,0.591135,95.0,0.0,82.0,81.0,82.0,82.0,82.0,81.0,10,8
209,21,100,0.658309,138.334316,0.591135,95.0,0.0,82.0,81.0,82.0,82.0,81.0,82.0,10,8
210,22,100,1.6264859999999999,116.168403,0.226314,99.0,0.0,87.0,87.0,85.0,84.0,84.0,84.0,8,5
211,22,100,1.6264859999999999,116.168403,0.226314,99.0,0.0,87.0,87.0,85.0,85.0,84.0,86.0,8,5
212,22,100,1.6264859999999999,116.168403,0.226314,99.0,0.0,87.0,87.0,85.0,87.0,88.0,86.0,8,5
213,22,100,1.6264859999999999,116.168403,0.226314,99.0,0.0,87.0,87.0,85.0,87.0,88.0,87.0,8,5
214,22,100,1.6264859999999999,116.168403,0.226314,99.0,0.0,87.0,87.0,85.0,85.0,85.0,87.0,8,5
215,22,100,1.6264859999999999,116.168403,0.226314,99.0,0.0,87.0,87.0,85.0,87.0,88.0,85.0,8,5
216,22,100,1.6264859999999999,116.168403,0.226314,99.0,0.0,87.0,87.0,85.0,88.0,88.0,87.0,8,5
217,22,100,1.6264859999999999,116.168403,0.226314,99.0,0.0,87.0,87.0,85.0,87.0,87.0,87.0,8,5
218,22,100,1.6264859999999999,116.168403,0.226314,99.0,0.0,87.0,87.0,85.0,86.0,87.0,88.0,8,5
219,22,100,1.6264859999999999,116.168403,0.226314,99.0,0.0,87.0,87.0,85.0,87.0,87.0,85.0,8,5
220,23,100,0.658659,128.782575,0.253035,92.0,0.0,84.0,85.0,84.0,84.0,84.0,84.0,14,2
221,23,100,0.658659,128.782575,0.253035,92.0,0.0,84.0,85.0,84.0,85.0,85.0,85.0,14,2
222,23,100,0.658659,128.782575,0.253035,92.0,0.0,84.0,85.0,84.0,85.0,84.0,82.0,14,2
223,23,100,0.658659,128.782575,0.253035,92.0,0.0,84.0,85.0,84.0,84.0,84.0,83.0,14,2
224,23,100,0.658659,128.782575,0.253035,92.0,0.0,84.0,85.0,84.0,85.0,84.0,85.0,14,2
225,23,100,0.658659,128.782575,0.253035,92.0,0.0,84.0,85.0,84.0,84.0,84.0,84.0,14,2
226,23,100,0.658659,128.782575,0.253035,92.0,0.0,84.0,85.0,84.0,84.0,82.0,83.0,14,2
227,23,100,0.658659,128.782575,0.253035,92.0,0.0,84.0,85.0,84.0,84.0,85.0,85.0,14,2
228,23,100,0.658659,128.782575,0.253035,92.0,0.0,84.0,85.0,84.0,86.0,85.0,85.0,14,2
229,23,100,0.658659,128.782575,0.253035,92.0,0.0,84.0,85.0,84.0,84.0,85.0,84.0,14,2
230,24,100,0.807754,144.894772,0.582262,96.0,0.0,91.0,91.0,92.0,88.0,88.0,88.0,8,1
231,24,100,0.807754,144.894772,0.582262,96.0,0.0,91.0,91.0,92.0,88.0,88.0,91.0,8,1
232,24,100,0.807754,144.894772,0.582262,96.0,0.0,91.0,91.0,92.0,92.0,93.0,92.0,8,1
233,24,100,0.807754,144.894772,0.582262,96.0,0.0,91.0,91.0,92.0,94.0,95.0,94.0,8,1
234,24,100,0.807754,144.894772,0.582262,96.0,0.0,91.0,91.0,92.0,93.0,93.0,92.0,8,1
235,24,100,0.807754,144.894772,0.582262,96.0,0.0,91.0,91.0,92.0,92.0,93.0,94.0,8,1
236,24,100,0.807754,144.894772,0.582262,96.0,0.0,91.0,91.0,92.0,90.0,92.0,93.0,8,1
237,24,100,0.807754,144.894772,0.582262,96.0,0.0,91.0,91.0,92.0,91.0,91.0,92.0,8,1
238,24,100,0.807754,144.894772,0.582262,96.0,0.0,91.0,91.0,92.0,92.0,93.0,93.0,8,1
239,24,100,0.807754,144.894772,0.582262,96.0,0.0,91.0,91.0,92.0,91.0,91.0,92.0,8,1
240,25,100,1.613224,139.948381,0.221749,96.0,0.0,88.0,87.0,87.0,87.0,87.0,87.0,8,4
241,25,100,1.613224,139.948381,0.221749,96.0,0.0,88.0,87.0,87.0,83.0,84.0,83.0,8,4
242,25,100,1.613224,139.948381,0.221749,96.0,0.0,88.0,87.0,87.0,85.0,87.0,87.0,8,4
243,25,100,1.613224,139.948381,0.221749,96.0,0.0,88.0,87.0,87.0,84.0,84.0,84.0,8,4
244,25,100,1.613224,139.948381,0.221749,96.0,0.0,88.0,87.0,87.0,84.0,84.0,85.0,8,4
245,25,100,1.613224,139.948381,0.221749,96.0,0.0,88.0,87.0,87.0,85.0,85.0,85.0,8,4
246,25,100,1.613224,139.948381,0.221749,96.0,0.0,88.0,87.0,87.0,84.0,84.0,85.0,8,4
247,25,100,1.613224,139.948381,0.221749,96.0,0.0,88.0,87.0,87.0,86.0,86.0,85.0,8,4
248,25,100,1.613224,139.948381,0.221749,96.0,0.0,88.0,87.0,87.0,87.0,88.0,87.0,8,4
249,25,100,1.613224,139.948381,0.221749,96.0,0.0,88.0,87.0,87.0,88.0,87.0,87.0,8,4
250,26,100,0.659207,140.390899,0.58622,94.0,0.0,85.0,85.0,85.0,79.0,79.0,79.0,10,5
251,26,100,0.659207,140.390899,0.58622,94.0,0.0,85.0,85.0,85.0,81.0,80.0,81.0,10,5
252,26,100,0.659207,140.390899,0.58622,94.0,0.0,85.0,85.0,85.0,84.0,82.0,83.0,10,5
253,26,100,0.659207,140.390899,0.58622,94.0,0.0,85.0,85.0,85.0,85.0,84.0,83.0,10,5
254,26,100,0.659207,140.390899,0.58622,94.0,0.0,85.0,85.0,85.0,86.0,85.0,83.0,10,5
255,26,100,0.659207,140.390899,0.58622,94.0,0.0,85.0,85.0,85.0,85.0,83.0,83.0,10,5
256,26,100,0.659207,140.390899,0.58622,94.0,0.0,85.0,85.0,85.0,85.0,85.0,85.0,10,5
257,26,100,0.659207,140.390899,0.58622,94.0,0.0,85.0,85.0,85.0,86.0,85.0,86.0,10,5
258,26,100,0.659207,140.390899,0.58622,94.0,0.0,85.0,85.0,85.0,85.0,84.0,84.0,10,5
259,26,100,0.659207,140.390899,0.58622,94.0,0.0,85.0,85.0,85.0,85.0,85.0,85.0,10,5
260,27,100,1.602773,144.946191,0.220598,97.0,0.0,88.0,87.0,88.0,93.0,93.0,93.0,9,3
261,27,100,1.602773,144.946191,0.220598,97.0,0.0,88.0,87.0,88.0,90.0,89.0,91.0,9,3
262,27,100,1.602773,144.946191,0.220598,97.0,0.0,88.0,87.0,88.0,89.0,91.0,90.0,9,3
263,27,100,1.602773,144.946191,0.220598,97.0,0.0,88.0,87.0,88.0,90.0,89.0,90.0,9,3
264,27,100,1.602773,144.946191,0.220598,97.0,0.0,88.0,87.0,88.0,90.0,90.0,91.0,9,3
265,27,100,1.602773,144.946191,0.220598,97.0,0.0,88.0,87.0,88.0,89.0,90.0,90.0,9,3
266,27,100,1.602773,144.946191,0.220598,97.0,0.0,88.0,87.0,88.0,89.0,90.0,90.0,9,3
267,27,100,1.602773,144.946191,0.220598,97.0,0.0,88.0,87.0,88.0,88.0,89.0,88.0,9,3
268,27,100,1.602773,144.946191,0.220598,97.0,0.0,88.0,87.0,88.0,88.0,88.0,88.0,9,3
269,27,100,1.602773,144.946191,0.220598,97.0,0.0,88.0,87.0,88.0,88.0,87.0,88.0,9,3
270,28,100,0.659181,135.773787,0.585183,97.0,0.0,91.0,90.0,89.0,86.0,86.0,86.0,8,1
271,28,100,0.659181,135.773787,0.585183,97.0,0.0,91.0,90.0,89.0,90.0,88.0,85.0,8,1
272,28,100,0.659181,135.773787,0.585183,97.0,0.0,91.0,90.0,89.0,88.0,88.0,87.0,8,1
273,28,100,0.659181,135.773787,0.585183,97.0,0.0,91.0,90.0,89.0,90.0,90.0,89.0,8,1
274,28,100,0.659181,135.773787,0.585183,97.0,0.0,91.0,90.0,89.0,91.0,89.0,88.0,8,1
275,28,100,0.659181,135.773787,0.585183,97.0,0.0,91.0,90.0,89.0,90.0,89.0,89.0,8,1
276,28,100,0.659181,135.773787,0.585183,97.0,0.0,91.0,90.0,89.0,91.0,88.0,87.0,8,1
277,28,100,0.659181,135.773787,0.585183,97.0,0.0,91.0,90.0,89.0,91.0,91.0,89.0,8,1
278,28,100,0.659181,135.773787,0.585183,97.0,0.0,91.0,90.0,89.0,90.0,90.0,89.0,8,1
279,28,100,0.659181,135.773787,0.585183,97.0,0.0,91.0,90.0,89.0,91.0,90.0,89.0,8,1
280,29,100,1.608687,144.75215,0.579363,96.0,0.0,93.0,95.0,94.0,87.0,87.0,87.0,3,4
281,29,100,1.608687,144.75215,0.579363,96.0,0.0,93.0,95.0,94.0,92.0,92.0,90.0,3,4
282,29,100,1.608687,144.75215,0.579363,96.0,0.0,93.0,95.0,94.0,90.0,90.0,89.0,3,4
283,29,100,1.608687,144.75215,0.579363,96.0,0.0,93.0,95.0,94.0,92.0,93.0,93.0,3,4
284,29,100,1.608687,144.75215,0.579363,96.0,0.0,93.0,95.0,94.0,94.0,93.0,91.0,3,4
285,29,100,1.608687,144.75215,0.579363,96.0,0.0,93.0,95.0,94.0,92.0,92.0,93.0,3,4
286,29,100,1.608687,144.75215,0.579363,96.0,0.0,93.0,95.0,94.0,93.0,93.0,93.0,3,4
287,29,100,1.608687,144.75215,0.579363,96.0,0.0,93.0,95.0,94.0,94.0,94.0,94.0,3,4
288,29,100,1.608687,144.75215,0.579363,96.0,0.0,93.0,95.0,94.0,94.0,95.0,94.0,3,4
289,29,100,1.608687,144.75215,0.579363,96.0,0.0,93.0,95.0,94.0,93.0,95.0,94.0,3,4
290,30,100,1.617669,133.645233,0.585017,97.0,0.0,87.0,87.0,87.0,85.0,85.0,85.0,11,2
291,30,100,1.617669,133.645233,0.585017,97.0,0.0,87.0,87.0,87.0,86.0,85.0,86.0,11,2
292,30,100,1.617669,133.645233,0.585017,97.0,0.0,87.0,87.0,87.0,86.0,86.0,87.0,11,2
293,30,100,1.617669,133.645233,0.585017,97.0,0.0,87.0,87.0,87.0,85.0,86.0,87.0,11,2
294,30,100,1.617669,133.645233,0.585017,97.0,0.0,87.0,87.0,87.0,86.0,86.0,87.0,11,2
295,30,100,1.617669,133.645233,0.585017,97.0,0.0,87.0,87.0,87.0,86.0,86.0,87.0,11,2
296,30,100,1.617669,133.645233,0.585017,97.0,0.0,87.0,87.0,87.0,87.0,87.0,87.0,11,2
297,30,100,1.617669,133.645233,0.585017,97.0,0.0,87.0,87.0,87.0,87.0,86.0,87.0,11,2
298,30,100,1.617669,133.645233,0.585017,97.0,0.0,87.0,87.0,87.0,87.0,86.0,87.0,11,2
299,30,100,1.617669,133.645233,0.585017,97.0,0.0,87.0,87.0,87.0,87.0,87.0,87.0,11,2
300,31,100,1.624064,145.071866,0.579809,95.0,1.0,91.0,91.0,91.0,85.0,85.0,85.0,5,4
301,31,100,1.624064,145.071866,0.579809,95.0,1.0,91.0,91.0,91.0,88.0,88.0,84.0,5,4
302,31,100,1.624064,145.071866,0.579809,95.0,1.0,91.0,91.0,91.0,91.0,89.0,90.0,5,4
303,31,100,1.624064,145.071866,0.579809,95.0,1.0,91.0,91.0,91.0,90.0,90.0,89.0,5,4
304,31,100,1.624064,145.071866,0.579809,95.0,1.0,91.0,91.0,91.0,90.0,90.0,91.0,5,4
305,31,100,1.624064,145.071866,0.579809,95.0,1.0,91.0,91.0,91.0,91.0,90.0,91.0,5,4
306,31,100,1.624064,145.071866,0.579809,95.0,1.0,91.0,91.0,91.0,91.0,92.0,92.0,5,4
307,31,100,1.624064,145.071866,0.579809,95.0,1.0,91.0,91.0,91.0,91.0,91.0,91.0,5,4
308,31,100,1.624064,145.071866,0.579809,95.0,1.0,91.0,91.0,91.0,91.0,91.0,91.0,5,4
309,31,100,1.624064,145.071866,0.579809,95.0,1.0,91.0,91.0,91.0,91.0,91.0,91.0,5,4
310,32,100,1.612307,133.799812,0.594415,98.0,1.0,91.0,91.0,91.0,90.0,90.0,90.0,8,1
311,32,100,1.612307,133.799812,0.594415,98.0,1.0,91.0,91.0,91.0,90.0,90.0,90.0,8,1
312,32,100,1.612307,133.799812,0.594415,98.0,1.0,91.0,91.0,91.0,90.0,91.0,92.0,8,1
313,32,100,1.612307,133.799812,0.594415,98.0,1.0,91.0,91.0,91.0,90.0,90.0,90.0,8,1
314,32,100,1.612307,133.799812,0.594415,98.0,1.0,91.0,91.0,91.0,91.0,91.0,91.0,8,1
315,32,100,1.612307,133.799812,0.594415,98.0,1.0,91.0,91.0,91.0,91.0,91.0,91.0,8,1
316,32,100,1.612307,133.799812,0.594415,98.0,1.0,91.0,91.0,91.0,91.0,91.0,91.0,8,1
317,32,100,1.612307,133.799812,0.594415,98.0,1.0,91.0,91.0,91.0,91.0,90.0,91.0,8,1
318,32,100,1.612307,133.799812,0.594415,98.0,1.0,91.0,91.0,91.0,91.0,90.0,91.0,8,1
319,32,100,1.612307,133.799812,0.594415,98.0,1.0,91.0,91.0,91.0,91.0,91.0,91.0,8,1
320,33,100,1.620777,145.83316,0.58443,97.0,0.0,90.0,89.0,89.0,93.0,93.0,93.0,8,2
321,33,100,1.620777,145.83316,0.58443,97.0,0.0,90.0,89.0,89.0,90.0,91.0,92.0,8,2
322,33,100,1.620777,145.83316,0.58443,97.0,0.0,90.0,89.0,89.0,91.0,93.0,95.0,8,2
323,33,100,1.620777,145.83316,0.58443,97.0,0.0,90.0,89.0,89.0,91.0,92.0,93.0,8,2
324,33,100,1.620777,145.83316,0.58443,97.0,0.0,90.0,89.0,89.0,92.0,93.0,92.0,8,2
325,33,100,1.620777,145.83316,0.58443,97.0,0.0,90.0,89.0,89.0,92.0,92.0,91.0,8,2
326,33,100,1.620777,145.83316,0.58443,97.0,0.0,90.0,89.0,89.0,90.0,92.0,90.0,8,2
327,33,100,1.620777,145.83316,0.58443,97.0,0.0,90.0,89.0,89.0,91.0,90.0,90.0,8,2
328,33,100,1.620777,145.83316,0.58443,97.0,0.0,90.0,89.0,89.0,90.0,89.0,89.0,8,2
329,33,100,1.620777,145.83316,0.58443,97.0,0.0,90.0,89.0,89.0,90.0,89.0,89.0,8,2
330,34,100,1.616166,133.182364,0.58374,96.0,0.0,90.0,89.0,90.0,87.0,87.0,87.0,6,4
331,34,100,1.616166,133.182364,0.58374,96.0,0.0,90.0,89.0,90.0,89.0,89.0,89.0,6,4
332,34,100,1.616166,133.182364,0.58374,96.0,0.0,90.0,89.0,90.0,88.0,87.0,87.0,6,4
333,34,100,1.616166,133.182364,0.58374,96.0,0.0,90.0,89.0,90.0,91.0,91.0,91.0,6,4
334,34,100,1.616166,133.182364,0.58374,96.0,0.0,90.0,89.0,90.0,91.0,91.0,90.0,6,4
335,34,100,1.616166,133.182364,0.58374,96.0,0.0,90.0,89.0,90.0,91.0,92.0,91.0,6,4
336,34,100,1.616166,133.182364,0.58374,96.0,0.0,90.0,89.0,90.0,90.0,91.0,91.0,6,4
337,34,100,1.616166,133.182364,0.58374,96.0,0.0,90.0,89.0,90.0,90.0,91.0,90.0,6,4
338,34,100,1.616166,133.182364,0.58374,96.0,0.0,90.0,89.0,90.0,90.0,89.0,89.0,6,4
339,34,100,1.616166,133.182364,0.58374,96.0,0.0,90.0,89.0,90.0,90.0,89.0,90.0,6,4
340,35,100,1.6140050000000001,145.176751,0.553076,97.0,0.0,88.0,89.0,87.0,86.0,86.0,86.0,9,3
341,35,100,1.6140050000000001,145.176751,0.553076,97.0,0.0,88.0,89.0,87.0,88.0,88.0,89.0,9,3
342,35,100,1.6140050000000001,145.176751,0.553076,97.0,0.0,88.0,89.0,87.0,88.0,88.0,87.0,9,3
343,35,100,1.6140050000000001,145.176751,0.553076,97.0,0.0,88.0,89.0,87.0,87.0,87.0,87.0,9,3
344,35,100,1.6140050000000001,145.176751,0.553076,97.0,0.0,88.0,89.0,87.0,88.0,88.0,88.0,9,3
345,35,100,1.6140050000000001,145.176751,0.553076,97.0,0.0,88.0,89.0,87.0,89.0,87.0,88.0,9,3
346,35,100,1.6140050000000001,145.176751,0.553076,97.0,0.0,88.0,89.0,87.0,88.0,90.0,91.0,9,3
347,35,100,1.6140050000000001,145.176751,0.553076,97.0,0.0,88.0,89.0,87.0,88.0,89.0,89.0,9,3
348,35,100,1.6140050000000001,145.176751,0.553076,97.0,0.0,88.0,89.0,87.0,89.0,89.0,89.0,9,3
349,35,100,1.6140050000000001,145.176751,0.553076,97.0,0.0,88.0,89.0,87.0,88.0,89.0,87.0,9,3
350,36,100,1.626903,133.803607,0.250123,95.0,0.0,86.0,87.0,88.0,90.0,90.0,90.0,13,1
351,36,100,1.626903,133.803607,0.250123,95.0,0.0,86.0,87.0,88.0,90.0,90.0,90.0,13,1
352,36,100,1.626903,133.803607,0.250123,95.0,0.0,86.0,87.0,88.0,87.0,88.0,88.0,13,1
353,36,100,1.626903,133.803607,0.250123,95.0,0.0,86.0,87.0,88.0,86.0,87.0,86.0,13,1
354,36,100,1.626903,133.803607,0.250123,95.0,0.0,86.0,87.0,88.0,85.0,85.0,85.0,13,1
355,36,100,1.626903,133.803607,0.250123,95.0,0.0,86.0,87.0,88.0,85.0,85.0,87.0,13,1
356,36,100,1.626903,133.803607,0.250123,95.0,0.0,86.0,87.0,88.0,87.0,85.0,86.0,13,1
357,36,100,1.626903,133.803607,0.250123,95.0,0.0,86.0,87.0,88.0,87.0,86.0,88.0,13,1
358,36,100,1.626903,133.803607,0.250123,95.0,0.0,86.0,87.0,88.0,85.0,86.0,86.0,13,1
359,36,100,1.626903,133.803607,0.250123,95.0,0.0,86.0,87.0,88.0,86.0,87.0,88.0,13,1
360,37,100,1.6214629999999999,145.527404,0.583246,92.0,0.0,86.0,87.0,87.0,85.0,85.0,85.0,12,2
361,37,100,1.6214629999999999,145.527404,0.583246,92.0,0.0,86.0,87.0,87.0,83.0,83.0,85.0,12,2
362,37,100,1.6214629999999999,145.527404,0.583246,92.0,0.0,86.0,87.0,87.0,83.0,85.0,86.0,12,2
363,37,100,1.6214629999999999,145.527404,0.583246,92.0,0.0,86.0,87.0,87.0,85.0,85.0,86.0,12,2
364,37,100,1.6214629999999999,145.527404,0.583246,92.0,0.0,86.0,87.0,87.0,85.0,86.0,86.0,12,2
365,37,100,1.6214629999999999,145.527404,0.583246,92.0,0.0,86.0,87.0,87.0,86.0,87.0,86.0,12,2
366,37,100,1.6214629999999999,145.527404,0.583246,92.0,0.0,86.0,87.0,87.0,86.0,87.0,86.0,12,2
367,37,100,1.6214629999999999,145.527404,0.583246,92.0,0.0,86.0,87.0,87.0,87.0,87.0,86.0,12,2
368,37,100,1.6214629999999999,145.527404,0.583246,92.0,0.0,86.0,87.0,87.0,87.0,87.0,86.0,12,2
369,37,100,1.6214629999999999,145.527404,0.583246,92.0,0.0,86.0,87.0,87.0,86.0,87.0,87.0,12,2
370,38,100,1.618824,135.372138,0.23096,93.0,1.0,88.0,86.0,86.0,88.0,88.0,88.0,9,3
371,38,100,1.618824,135.372138,0.23096,93.0,1.0,88.0,86.0,86.0,87.0,86.0,89.0,9,3
372,38,100,1.618824,135.372138,0.23096,93.0,1.0,88.0,86.0,86.0,88.0,88.0,89.0,9,3
373,38,100,1.618824,135.372138,0.23096,93.0,1.0,88.0,86.0,86.0,87.0,88.0,87.0,9,3
374,38,100,1.618824,135.372138,0.23096,93.0,1.0,88.0,86.0,86.0,90.0,88.0,88.0,9,3
375,38,100,1.618824,135.372138,0.23096,93.0,1.0,88.0,86.0,86.0,89.0,87.0,88.0,9,3
376,38,100,1.618824,135.372138,0.23096,93.0,1.0,88.0,86.0,86.0,89.0,88.0,88.0,9,3
377,38,100,1.618824,135.372138,0.23096,93.0,1.0,88.0,86.0,86.0,88.0,87.0,87.0,9,3
378,38,100,1.618824,135.372138,0.23096,93.0,1.0,88.0,86.0,86.0,89.0,86.0,87.0,9,3
379,38,100,1.618824,135.372138,0.23096,93.0,1.0,88.0,86.0,86.0,88.0,86.0,86.0,9,3
380,39,100,0.692156,110.308478,0.588537,97.0,0.0,90.0,91.0,91.0,91.0,91.0,91.0,4,6
381,39,100,0.692156,110.308478,0.588537,97.0,0.0,90.0,91.0,91.0,92.0,92.0,88.0,4,6
382,39,100,0.692156,110.308478,0.588537,97.0,0.0,90.0,91.0,91.0,91.0,91.0,91.0,4,6
383,39,100,0.692156,110.308478,0.588537,97.0,0.0,90.0,91.0,91.0,91.0,92.0,90.0,4,6
384,39,100,0.692156,110.308478,0.588537,97.0,0.0,90.0,91.0,91.0,92.0,92.0,92.0,4,6
385,39,100,0.692156,110.308478,0.588537,97.0,0.0,90.0,91.0,91.0,91.0,92.0,91.0,4,6
386,39,100,0.692156,110.308478,0.588537,97.0,0.0,90.0,91.0,91.0,93.0,91.0,90.0,4,6
387,39,100,0.692156,110.308478,0.588537,97.0,0.0,90.0,91.0,91.0,92.0,90.0,90.0,4,6
388,39,100,0.692156,110.308478,0.588537,97.0,0.0,90.0,91.0,91.0,93.0,91.0,90.0,4,6
389,39,100,0.692156,110.308478,0.588537,97.0,0.0,90.0,91.0,91.0,90.0,91.0,91.0,4,6
390,40,100,1.612967,144.026439,0.579154,96.0,0.0,96.0,95.0,94.0,95.0,95.0,95.0,3,1
391,40,100,1.612967,144.026439,0.579154,96.0,0.0,96.0,95.0,94.0,94.0,94.0,93.0,3,1
392,40,100,1.612967,144.026439,0.579154,96.0,0.0,96.0,95.0,94.0,92.0,91.0,92.0,3,1
393,40,100,1.612967,144.026439,0.579154,96.0,0.0,96.0,95.0,94.0,94.0,92.0,93.0,3,1
394,40,100,1.612967,144.026439,0.579154,96.0,0.0,96.0,95.0,94.0,94.0,94.0,94.0,3,1
395,40,100,1.612967,144.026439,0.579154,96.0,0.0,96.0,95.0,94.0,93.0,94.0,93.0,3,1
396,40,100,1.612967,144.026439,0.579154,96.0,0.0,96.0,95.0,94.0,94.0,95.0,94.0,3,1
397,40,100,1.612967,144.026439,0.579154,96.0,0.0,96.0,95.0,94.0,95.0,94.0,95.0,3,1
398,40,100,1.612967,144.026439,0.579154,96.0,0.0,96.0,95.0,94.0,96.0,95.0,95.0,3,1
399,40,100,1.612967,144.026439,0.579154,96.0,0.0,96.0,95.0,94.0,96.0,95.0,94.0,3,1
400,41,100,0.658405,133.481522,0.58448,93.0,0.0,85.0,85.0,85.0,87.0,87.0,87.0,9,6
401,41,100,0.658405,133.481522,0.58448,93.0,0.0,85.0,85.0,85.0,87.0,88.0,89.0,9,6
402,41,100,0.658405,133.481522,0.58448,93.0,0.0,85.0,85.0,85.0,87.0,86.0,85.0,9,6
403,41,100,0.658405,133.481522,0.58448,93.0,0.0,85.0,85.0,85.0,85.0,87.0,87.0,9,6
404,41,100,0.658405,133.481522,0.58448,93.0,0.0,85.0,85.0,85.0,87.0,87.0,87.0,9,6
405,41,100,0.658405,133.481522,0.58448,93.0,0.0,85.0,85.0,85.0,87.0,86.0,86.0,9,6
406,41,100,0.658405,133.481522,0.58448,93.0,0.0,85.0,85.0,85.0,86.0,86.0,86.0,9,6
407,41,100,0.658405,133.481522,0.58448,93.0,0.0,85.0,85.0,85.0,86.0,86.0,85.0,9,6
408,41,100,0.658405,133.481522,0.58448,93.0,0.0,85.0,85.0,85.0,86.0,85.0,86.0,9,6
409,41,100,0.658405,133.481522,0.58448,93.0,0.0,85.0,85.0,85.0,85.0,85.0,85.0,9,6
410,42,100,1.6126740000000002,144.144022,0.582292,97.0,0.0,87.0,87.0,86.0,86.0,86.0,86.0,9,4
411,42,100,1.6126740000000002,144.144022,0.582292,97.0,0.0,87.0,87.0,86.0,87.0,87.0,88.0,9,4
412,42,100,1.6126740000000002,144.144022,0.582292,97.0,0.0,87.0,87.0,86.0,88.0,86.0,86.0,9,4
413,42,100,1.6126740000000002,144.144022,0.582292,97.0,0.0,87.0,87.0,86.0,88.0,86.0,87.0,9,4
414,42,100,1.6126740000000002,144.144022,0.582292,97.0,0.0,87.0,87.0,86.0,87.0,88.0,88.0,9,4
415,42,100,1.6126740000000002,144.144022,0.582292,97.0,0.0,87.0,87.0,86.0,88.0,88.0,88.0,9,4
416,42,100,1.6126740000000002,144.144022,0.582292,97.0,0.0,87.0,87.0,86.0,87.0,87.0,87.0,9,4
417,42,100,1.6126740000000002,144.144022,0.582292,97.0,0.0,87.0,87.0,86.0,87.0,87.0,87.0,9,4
418,42,100,1.6126740000000002,144.144022,0.582292,97.0,0.0,87.0,87.0,86.0,87.0,87.0,87.0,9,4
419,42,100,1.6126740000000002,144.144022,0.582292,97.0,0.0,87.0,87.0,86.0,87.0,87.0,86.0,9,4
420,43,100,1.608841,132.473814,0.586132,97.0,0.0,94.0,93.0,94.0,86.0,86.0,86.0,5,1
421,43,100,1.608841,132.473814,0.586132,97.0,0.0,94.0,93.0,94.0,91.0,92.0,91.0,5,1
422,43,100,1.608841,132.473814,0.586132,97.0,0.0,94.0,93.0,94.0,94.0,94.0,92.0,5,1
423,43,100,1.608841,132.473814,0.586132,97.0,0.0,94.0,93.0,94.0,94.0,95.0,92.0,5,1
424,43,100,1.608841,132.473814,0.586132,97.0,0.0,94.0,93.0,94.0,95.0,94.0,95.0,5,1
425,43,100,1.608841,132.473814,0.586132,97.0,0.0,94.0,93.0,94.0,94.0,94.0,91.0,5,1
426,43,100,1.608841,132.473814,0.586132,97.0,0.0,94.0,93.0,94.0,94.0,93.0,93.0,5,1
427,43,100,1.608841,132.473814,0.586132,97.0,0.0,94.0,93.0,94.0,93.0,93.0,92.0,5,1
428,43,100,1.608841,132.473814,0.586132,97.0,0.0,94.0,93.0,94.0,93.0,94.0,93.0,5,1
429,43,100,1.608841,132.473814,0.586132,97.0,0.0,94.0,93.0,94.0,94.0,93.0,94.0,5,1
430,44,100,1.6118860000000002,144.003623,0.582623,99.0,0.0,92.0,92.0,92.0,89.0,89.0,89.0,4,4
431,44,100,1.6118860000000002,144.003623,0.582623,99.0,0.0,92.0,92.0,92.0,89.0,91.0,90.0,4,4
432,44,100,1.6118860000000002,144.003623,0.582623,99.0,0.0,92.0,92.0,92.0,90.0,90.0,92.0,4,4
433,44,100,1.6118860000000002,144.003623,0.582623,99.0,0.0,92.0,92.0,92.0,91.0,91.0,90.0,4,4
434,44,100,1.6118860000000002,144.003623,0.582623,99.0,0.0,92.0,92.0,92.0,90.0,91.0,92.0,4,4
435,44,100,1.6118860000000002,144.003623,0.582623,99.0,0.0,92.0,92.0,92.0,90.0,90.0,92.0,4,4
436,44,100,1.6118860000000002,144.003623,0.582623,99.0,0.0,92.0,92.0,92.0,90.0,90.0,92.0,4,4
437,44,100,1.6118860000000002,144.003623,0.582623,99.0,0.0,92.0,92.0,92.0,92.0,92.0,93.0,4,4
438,44,100,1.6118860000000002,144.003623,0.582623,99.0,0.0,92.0,92.0,92.0,92.0,91.0,92.0,4,4
439,44,100,1.6118860000000002,144.003623,0.582623,99.0,0.0,92.0,92.0,92.0,92.0,92.0,92.0,4,4
440,45,100,1.607632,135.260117,0.220218,94.0,0.0,90.0,89.0,90.0,89.0,89.0,89.0,6,4
441,45,100,1.607632,135.260117,0.220218,94.0,0.0,90.0,89.0,90.0,91.0,91.0,87.0,6,4
442,45,100,1.607632,135.260117,0.220218,94.0,0.0,90.0,89.0,90.0,91.0,90.0,89.0,6,4
443,45,100,1.607632,135.260117,0.220218,94.0,0.0,90.0,89.0,90.0,89.0,89.0,87.0,6,4
444,45,100,1.607632,135.260117,0.220218,94.0,0.0,90.0,89.0,90.0,90.0,88.0,89.0,6,4
445,45,100,1.607632,135.260117,0.220218,94.0,0.0,90.0,89.0,90.0,89.0,87.0,87.0,6,4
446,45,100,1.607632,135.260117,0.220218,94.0,0.0,90.0,89.0,90.0,90.0,88.0,88.0,6,4
447,45,100,1.607632,135.260117,0.220218,94.0,0.0,90.0,89.0,90.0,90.0,89.0,89.0,6,4
448,45,100,1.607632,135.260117,0.220218,94.0,0.0,90.0,89.0,90.0,90.0,89.0,89.0,6,4
449,45,100,1.607632,135.260117,0.220218,94.0,0.0,90.0,89.0,90.0,90.0,89.0,90.0,6,4
450,46,100,0.844532,142.769979,0.582168,98.0,0.0,89.0,90.0,90.0,84.0,84.0,84.0,8,3
451,46,100,0.844532,142.769979,0.582168,98.0,0.0,89.0,90.0,90.0,88.0,86.0,90.0,8,3
452,46,100,0.844532,142.769979,0.582168,98.0,0.0,89.0,90.0,90.0,88.0,86.0,89.0,8,3
453,46,100,0.844532,142.769979,0.582168,98.0,0.0,89.0,90.0,90.0,88.0,88.0,90.0,8,3
454,46,100,0.844532,142.769979,0.582168,98.0,0.0,89.0,90.0,90.0,87.0,90.0,90.0,8,3
455,46,100,0.844532,142.769979,0.582168,98.0,0.0,89.0,90.0,90.0,90.0,91.0,90.0,8,3
456,46,100,0.844532,142.769979,0.582168,98.0,0.0,89.0,90.0,90.0,87.0,90.0,90.0,8,3
457,46,100,0.844532,142.769979,0.582168,98.0,0.0,89.0,90.0,90.0,86.0,87.0,89.0,8,3
458,46,100,0.844532,142.769979,0.582168,98.0,0.0,89.0,90.0,90.0,90.0,90.0,89.0,8,3
459,46,100,0.844532,142.769979,0.582168,98.0,0.0,89.0,90.0,90.0,89.0,90.0,90.0,8,3
460,47,100,1.6286779999999998,142.469215,0.221014,94.0,2.0,87.0,88.0,88.0,80.0,80.0,80.0,8,5
461,47,100,1.6286779999999998,142.469215,0.221014,94.0,2.0,87.0,88.0,88.0,84.0,83.0,83.0,8,5
462,47,100,1.6286779999999998,142.469215,0.221014,94.0,2.0,87.0,88.0,88.0,83.0,83.0,83.0,8,5
463,47,100,1.6286779999999998,142.469215,0.221014,94.0,2.0,87.0,88.0,88.0,85.0,83.0,85.0,8,5
464,47,100,1.6286779999999998,142.469215,0.221014,94.0,2.0,87.0,88.0,88.0,86.0,86.0,86.0,8,5
465,47,100,1.6286779999999998,142.469215,0.221014,94.0,2.0,87.0,88.0,88.0,86.0,86.0,86.0,8,5
466,47,100,1.6286779999999998,142.469215,0.221014,94.0,2.0,87.0,88.0,88.0,86.0,86.0,89.0,8,5
467,47,100,1.6286779999999998,142.469215,0.221014,94.0,2.0,87.0,88.0,88.0,88.0,88.0,87.0,8,5
468,47,100,1.6286779999999998,142.469215,0.221014,94.0,2.0,87.0,88.0,88.0,87.0,87.0,88.0,8,5
469,47,100,1.6286779999999998,142.469215,0.221014,94.0,2.0,87.0,88.0,88.0,87.0,88.0,88.0,8,5
470,48,100,0.656663,137.140003,0.586136,90.0,0.0,85.0,85.0,86.0,83.0,83.0,83.0,9,6
471,48,100,0.656663,137.140003,0.586136,90.0,0.0,85.0,85.0,86.0,84.0,85.0,82.0,9,6
472,48,100,0.656663,137.140003,0.586136,90.0,0.0,85.0,85.0,86.0,84.0,85.0,86.0,9,6
473,48,100,0.656663,137.140003,0.586136,90.0,0.0,85.0,85.0,86.0,85.0,85.0,86.0,9,6
474,48,100,0.656663,137.140003,0.586136,90.0,0.0,85.0,85.0,86.0,85.0,86.0,86.0,9,6
475,48,100,0.656663,137.140003,0.586136,90.0,0.0,85.0,85.0,86.0,85.0,84.0,85.0,9,6
476,48,100,0.656663,137.140003,0.586136,90.0,0.0,85.0,85.0,86.0,85.0,84.0,86.0,9,6
477,48,100,0.656663,137.140003,0.586136,90.0,0.0,85.0,85.0,86.0,85.0,84.0,86.0,9,6
478,48,100,0.656663,137.140003,0.586136,90.0,0.0,85.0,85.0,86.0,85.0,84.0,86.0,9,6
479,48,100,0.656663,137.140003,0.586136,90.0,0.0,85.0,85.0,86.0,85.0,85.0,86.0,9,6
480,49,100,1.6076510000000002,138.816274,0.58112,99.0,0.0,94.0,93.0,93.0,93.0,93.0,93.0,4,2
481,49,100,1.6076510000000002,138.816274,0.58112,99.0,0.0,94.0,93.0,93.0,96.0,94.0,91.0,4,2
482,49,100,1.6076510000000002,138.816274,0.58112,99.0,0.0,94.0,93.0,93.0,95.0,95.0,94.0,4,2
483,49,100,1.6076510000000002,138.816274,0.58112,99.0,0.0,94.0,93.0,93.0,96.0,95.0,94.0,4,2
484,49,100,1.6076510000000002,138.816274,0.58112,99.0,0.0,94.0,93.0,93.0,95.0,95.0,95.0,4,2
485,49,100,1.6076510000000002,138.816274,0.58112,99.0,0.0,94.0,93.0,93.0,94.0,94.0,94.0,4,2
486,49,100,1.6076510000000002,138.816274,0.58112,99.0,0.0,94.0,93.0,93.0,94.0,94.0,94.0,4,2
487,49,100,1.6076510000000002,138.816274,0.58112,99.0,0.0,94.0,93.0,93.0,94.0,92.0,93.0,4,2
488,49,100,1.6076510000000002,138.816274,0.58112,99.0,0.0,94.0,93.0,93.0,94.0,93.0,94.0,4,2
489,49,100,1.6076510000000002,138.816274,0.58112,99.0,0.0,94.0,93.0,93.0,94.0,93.0,93.0,4,2
490,50,100,1.623596,132.671752,0.221365,93.0,0.0,87.0,87.0,87.0,85.0,85.0,85.0,8,5
491,50,100,1.623596,132.671752,0.221365,93.0,0.0,87.0,87.0,87.0,86.0,86.0,89.0,8,5
492,50,100,1.623596,132.671752,0.221365,93.0,0.0,87.0,87.0,87.0,89.0,88.0,88.0,8,5
493,50,100,1.623596,132.671752,0.221365,93.0,0.0,87.0,87.0,87.0,87.0,87.0,87.0,8,5
494,50,100,1.623596,132.671752,0.221365,93.0,0.0,87.0,87.0,87.0,87.0,88.0,88.0,8,5
495,50,100,1.623596,132.671752,0.221365,93.0,0.0,87.0,87.0,87.0,87.0,88.0,87.0,8,5
496,50,100,1.623596,132.671752,0.221365,93.0,0.0,87.0,87.0,87.0,87.0,89.0,90.0,8,5
497,50,100,1.623596,132.671752,0.221365,93.0,0.0,87.0,87.0,87.0,86.0,88.0,87.0,8,5
498,50,100,1.623596,132.671752,0.221365,93.0,0.0,87.0,87.0,87.0,89.0,88.0,88.0,8,5
499,50,100,1.623596,132.671752,0.221365,93.0,0.0,87.0,87.0,87.0,87.0,87.0,87.0,8,5
500,51,100,0.659018,132.12538,0.590803,98.0,0.0,93.0,92.0,91.0,86.0,86.0,86.0,5,2
501,51,100,0.659018,132.12538,0.590803,98.0,0.0,93.0,92.0,91.0,89.0,88.0,86.0,5,2
502,51,100,0.659018,132.12538,0.590803,98.0,0.0,93.0,92.0,91.0,92.0,91.0,90.0,5,2
503,51,100,0.659018,132.12538,0.590803,98.0,0.0,93.0,92.0,91.0,92.0,91.0,89.0,5,2
504,51,100,0.659018,132.12538,0.590803,98.0,0.0,93.0,92.0,91.0,93.0,92.0,92.0,5,2
505,51,100,0.659018,132.12538,0.590803,98.0,0.0,93.0,92.0,91.0,93.0,93.0,92.0,5,2
506,51,100,0.659018,132.12538,0.590803,98.0,0.0,93.0,92.0,91.0,93.0,92.0,92.0,5,2
507,51,100,0.659018,132.12538,0.590803,98.0,0.0,93.0,92.0,91.0,93.0,92.0,91.0,5,2
508,51,100,0.659018,132.12538,0.590803,98.0,0.0,93.0,92.0,91.0,93.0,93.0,91.0,5,2
509,51,100,0.659018,132.12538,0.590803,98.0,0.0,93.0,92.0,91.0,93.0,92.0,91.0,5,2
510,52,100,1.6185450000000001,139.665565,0.586792,94.0,0.0,91.0,91.0,92.0,82.0,82.0,82.0,5,4
511,52,100,1.6185450000000001,139.665565,0.586792,94.0,0.0,91.0,91.0,92.0,87.0,87.0,82.0,5,4
512,52,100,1.6185450000000001,139.665565,0.586792,94.0,0.0,91.0,91.0,92.0,86.0,87.0,87.0,5,4
513,52,100,1.6185450000000001,139.665565,0.586792,94.0,0.0,91.0,91.0,92.0,91.0,90.0,91.0,5,4
514,52,100,1.6185450000000001,139.665565,0.586792,94.0,0.0,91.0,91.0,92.0,91.0,90.0,90.0,5,4
515,52,100,1.6185450000000001,139.665565,0.586792,94.0,0.0,91.0,91.0,92.0,90.0,90.0,90.0,5,4
516,52,100,1.6185450000000001,139.665565,0.586792,94.0,0.0,91.0,91.0,92.0,90.0,89.0,89.0,5,4
517,52,100,1.6185450000000001,139.665565,0.586792,94.0,0.0,91.0,91.0,92.0,90.0,89.0,90.0,5,4
518,52,100,1.6185450000000001,139.665565,0.586792,94.0,0.0,91.0,91.0,92.0,90.0,89.0,90.0,5,4
519,52,100,1.6185450000000001,139.665565,0.586792,94.0,0.0,91.0,91.0,92.0,91.0,91.0,92.0,5,4
520,53,100,1.612543,136.961996,0.221603,95.0,0.0,88.0,88.0,88.0,88.0,88.0,88.0,8,4
521,53,100,1.612543,136.961996,0.221603,95.0,0.0,88.0,88.0,88.0,87.0,85.0,86.0,8,4
522,53,100,1.612543,136.961996,0.221603,95.0,0.0,88.0,88.0,88.0,88.0,87.0,89.0,8,4
523,53,100,1.612543,136.961996,0.221603,95.0,0.0,88.0,88.0,88.0,88.0,89.0,88.0,8,4
524,53,100,1.612543,136.961996,0.221603,95.0,0.0,88.0,88.0,88.0,89.0,88.0,88.0,8,4
525,53,100,1.612543,136.961996,0.221603,95.0,0.0,88.0,88.0,88.0,89.0,89.0,89.0,8,4
526,53,100,1.612543,136.961996,0.221603,95.0,0.0,88.0,88.0,88.0,89.0,89.0,89.0,8,4
527,53,100,1.612543,136.961996,0.221603,95.0,0.0,88.0,88.0,88.0,88.0,88.0,88.0,8,4
528,53,100,1.612543,136.961996,0.221603,95.0,0.0,88.0,88.0,88.0,88.0,88.0,88.0,8,4
529,53,100,1.612543,136.961996,0.221603,95.0,0.0,88.0,88.0,88.0,88.0,88.0,88.0,8,4
530,54,100,0.66001,134.193677,0.583769,98.0,0.0,94.0,93.0,93.0,89.0,89.0,89.0,3,3
531,54,100,0.66001,134.193677,0.583769,98.0,0.0,94.0,93.0,93.0,88.0,88.0,88.0,3,3
532,54,100,0.66001,134.193677,0.583769,98.0,0.0,94.0,93.0,93.0,90.0,93.0,93.0,3,3
533,54,100,0.66001,134.193677,0.583769,98.0,0.0,94.0,93.0,93.0,91.0,93.0,90.0,3,3
534,54,100,0.66001,134.193677,0.583769,98.0,0.0,94.0,93.0,93.0,92.0,92.0,91.0,3,3
535,54,100,0.66001,134.193677,0.583769,98.0,0.0,94.0,93.0,93.0,91.0,92.0,91.0,3,3
536,54,100,0.66001,134.193677,0.583769,98.0,0.0,94.0,93.0,93.0,92.0,90.0,91.0,3,3
537,54,100,0.66001,134.193677,0.583769,98.0,0.0,94.0,93.0,93.0,94.0,94.0,93.0,3,3
538,54,100,0.66001,134.193677,0.583769,98.0,0.0,94.0,93.0,93.0,95.0,93.0,93.0,3,3
539,54,100,0.66001,134.193677,0.583769,98.0,0.0,94.0,93.0,93.0,94.0,93.0,93.0,3,3
540,55,100,1.608557,120.136312,0.266622,92.0,0.0,83.0,82.0,84.0,84.0,84.0,84.0,14,3
541,55,100,1.608557,120.136312,0.266622,92.0,0.0,83.0,82.0,84.0,83.0,83.0,82.0,14,3
542,55,100,1.608557,120.136312,0.266622,92.0,0.0,83.0,82.0,84.0,84.0,85.0,83.0,14,3
543,55,100,1.608557,120.136312,0.266622,92.0,0.0,83.0,82.0,84.0,83.0,85.0,85.0,14,3
544,55,100,1.608557,120.136312,0.266622,92.0,0.0,83.0,82.0,84.0,84.0,86.0,85.0,14,3
545,55,100,1.608557,120.136312,0.266622,92.0,0.0,83.0,82.0,84.0,86.0,86.0,86.0,14,3
546,55,100,1.608557,120.136312,0.266622,92.0,0.0,83.0,82.0,84.0,88.0,88.0,88.0,14,3
547,55,100,1.608557,120.136312,0.266622,92.0,0.0,83.0,82.0,84.0,86.0,87.0,87.0,14,3
548,55,100,1.608557,120.136312,0.266622,92.0,0.0,83.0,82.0,84.0,85.0,87.0,86.0,14,3
549,55,100,1.608557,120.136312,0.266622,92.0,0.0,83.0,82.0,84.0,83.0,82.0,84.0,14,3
550,56,100,0.741701,128.856511,0.221683,96.0,0.0,90.0,88.0,88.0,88.0,88.0,88.0,8,2
551,56,100,0.741701,128.856511,0.221683,96.0,0.0,90.0,88.0,88.0,87.0,87.0,85.0,8,2
552,56,100,0.741701,128.856511,0.221683,96.0,0.0,90.0,88.0,88.0,89.0,85.0,87.0,8,2
553,56,100,0.741701,128.856511,0.221683,96.0,0.0,90.0,88.0,88.0,87.0,87.0,85.0,8,2
554,56,100,0.741701,128.856511,0.221683,96.0,0.0,90.0,88.0,88.0,86.0,86.0,87.0,8,2
555,56,100,0.741701,128.856511,0.221683,96.0,0.0,90.0,88.0,88.0,86.0,86.0,85.0,8,2
556,56,100,0.741701,128.856511,0.221683,96.0,0.0,90.0,88.0,88.0,89.0,88.0,88.0,8,2
557,56,100,0.741701,128.856511,0.221683,96.0,0.0,90.0,88.0,88.0,89.0,89.0,88.0,8,2
558,56,100,0.741701,128.856511,0.221683,96.0,0.0,90.0,88.0,88.0,89.0,89.0,88.0,8,2
559,56,100,0.741701,128.856511,0.221683,96.0,0.0,90.0,88.0,88.0,90.0,88.0,88.0,8,2
560,57,100,0.658727,138.527353,0.58009,96.0,0.0,92.0,92.0,91.0,87.0,87.0,87.0,8,0
561,57,100,0.658727,138.527353,0.58009,96.0,0.0,92.0,92.0,91.0,88.0,88.0,86.0,8,0
562,57,100,0.658727,138.527353,0.58009,96.0,0.0,92.0,92.0,91.0,90.0,90.0,89.0,8,0
563,57,100,0.658727,138.527353,0.58009,96.0,0.0,92.0,92.0,91.0,90.0,89.0,89.0,8,0
564,57,100,0.658727,138.527353,0.58009,96.0,0.0,92.0,92.0,91.0,89.0,89.0,89.0,8,0
565,57,100,0.658727,138.527353,0.58009,96.0,0.0,92.0,92.0,91.0,90.0,89.0,88.0,8,0
566,57,100,0.658727,138.527353,0.58009,96.0,0.0,92.0,92.0,91.0,91.0,90.0,90.0,8,0
567,57,100,0.658727,138.527353,0.58009,96.0,0.0,92.0,92.0,91.0,91.0,91.0,90.0,8,0
568,57,100,0.658727,138.527353,0.58009,96.0,0.0,92.0,92.0,91.0,91.0,91.0,90.0,8,0
569,57,100,0.658727,138.527353,0.58009,96.0,0.0,92.0,92.0,91.0,92.0,92.0,91.0,8,0
570,58,100,1.621383,143.29174,0.588003,97.0,0.0,92.0,91.0,92.0,89.0,89.0,89.0,5,3
571,58,100,1.621383,143.29174,0.588003,97.0,0.0,92.0,91.0,92.0,93.0,92.0,92.0,5,3
572,58,100,1.621383,143.29174,0.588003,97.0,0.0,92.0,91.0,92.0,92.0,93.0,93.0,5,3
573,58,100,1.621383,143.29174,0.588003,97.0,0.0,92.0,91.0,92.0,93.0,92.0,93.0,5,3
574,58,100,1.621383,143.29174,0.588003,97.0,0.0,92.0,91.0,92.0,92.0,93.0,93.0,5,3
575,58,100,1.621383,143.29174,0.588003,97.0,0.0,92.0,91.0,92.0,92.0,91.0,92.0,5,3
576,58,100,1.621383,143.29174,0.588003,97.0,0.0,92.0,91.0,92.0,92.0,91.0,91.0,5,3
577,58,100,1.621383,143.29174,0.588003,97.0,0.0,92.0,91.0,92.0,92.0,91.0,91.0,5,3
578,58,100,1.621383,143.29174,0.588003,97.0,0.0,92.0,91.0,92.0,92.0,91.0,91.0,5,3
579,58,100,1.621383,143.29174,0.588003,97.0,0.0,92.0,91.0,92.0,92.0,91.0,92.0,5,3
580,59,100,0.658824,134.54449,0.579741,96.0,0.0,89.0,87.0,90.0,87.0,87.0,87.0,7,4
581,59,100,0.658824,134.54449,0.579741,96.0,0.0,89.0,87.0,90.0,86.0,85.0,86.0,7,4
582,59,100,0.658824,134.54449,0.579741,96.0,0.0,89.0,87.0,90.0,87.0,84.0,83.0,7,4
583,59,100,0.658824,134.54449,0.579741,96.0,0.0,89.0,87.0,90.0,87.0,88.0,88.0,7,4
584,59,100,0.658824,134.54449,0.579741,96.0,0.0,89.0,87.0,90.0,89.0,89.0,86.0,7,4
585,59,100,0.658824,134.54449,0.579741,96.0,0.0,89.0,87.0,90.0,88.0,88.0,90.0,7,4
586,59,100,0.658824,134.54449,0.579741,96.0,0.0,89.0,87.0,90.0,88.0,89.0,87.0,7,4
587,59,100,0.658824,134.54449,0.579741,96.0,0.0,89.0,87.0,90.0,88.0,88.0,91.0,7,4
588,59,100,0.658824,134.54449,0.579741,96.0,0.0,89.0,87.0,90.0,88.0,88.0,88.0,7,4
589,59,100,0.658824,134.54449,0.579741,96.0,0.0,89.0,87.0,90.0,89.0,87.0,90.0,7,4
590,60,100,1.614455,144.916487,0.587262,99.0,0.0,88.0,90.0,90.0,87.0,87.0,87.0,7,5
591,60,100,1.614455,144.916487,0.587262,99.0,0.0,88.0,90.0,90.0,88.0,89.0,88.0,7,5
592,60,100,1.614455,144.916487,0.587262,99.0,0.0,88.0,90.0,90.0,86.0,87.0,85.0,7,5
593,60,100,1.614455,144.916487,0.587262,99.0,0.0,88.0,90.0,90.0,87.0,89.0,86.0,7,5
594,60,100,1.614455,144.916487,0.587262,99.0,0.0,88.0,90.0,90.0,88.0,88.0,87.0,7,5
595,60,100,1.614455,144.916487,0.587262,99.0,0.0,88.0,90.0,90.0,89.0,89.0,87.0,7,5
596,60,100,1.614455,144.916487,0.587262,99.0,0.0,88.0,90.0,90.0,89.0,89.0,88.0,7,5
597,60,100,1.614455,144.916487,0.587262,99.0,0.0,88.0,90.0,90.0,89.0,89.0,89.0,7,5
598,60,100,1.614455,144.916487,0.587262,99.0,0.0,88.0,90.0,90.0,88.0,90.0,89.0,7,5
599,60,100,1.614455,144.916487,0.587262,99.0,0.0,88.0,90.0,90.0,88.0,90.0,90.0,7,5
600,61,100,1.610172,132.34118,0.301106,92.0,0.0,88.0,87.0,88.0,83.0,83.0,83.0,8,4
601,61,100,1.610172,132.34118,0.301106,92.0,0.0,88.0,87.0,88.0,84.0,84.0,86.0,8,4
602,61,100,1.610172,132.34118,0.301106,92.0,0.0,88.0,87.0,88.0,87.0,87.0,87.0,8,4
603,61,100,1.610172,132.34118,0.301106,92.0,0.0,88.0,87.0,88.0,87.0,87.0,88.0,8,4
604,61,100,1.610172,132.34118,0.301106,92.0,0.0,88.0,87.0,88.0,89.0,88.0,89.0,8,4
605,61,100,1.610172,132.34118,0.301106,92.0,0.0,88.0,87.0,88.0,89.0,89.0,89.0,8,4
606,61,100,1.610172,132.34118,0.301106,92.0,0.0,88.0,87.0,88.0,90.0,89.0,88.0,8,4
607,61,100,1.610172,132.34118,0.301106,92.0,0.0,88.0,87.0,88.0,89.0,88.0,88.0,8,4
608,61,100,1.610172,132.34118,0.301106,92.0,0.0,88.0,87.0,88.0,88.0,87.0,88.0,8,4
609,61,100,1.610172,132.34118,0.301106,92.0,0.0,88.0,87.0,88.0,88.0,87.0,88.0,8,4
610,62,100,1.610816,144.13365,0.580002,96.0,0.0,89.0,87.0,87.0,84.0,84.0,84.0,6,5
611,62,100,1.610816,144.13365,0.580002,96.0,0.0,89.0,87.0,87.0,87.0,88.0,85.0,6,5
612,62,100,1.610816,144.13365,0.580002,96.0,0.0,89.0,87.0,87.0,88.0,87.0,89.0,6,5
613,62,100,1.610816,144.13365,0.580002,96.0,0.0,89.0,87.0,87.0,87.0,86.0,87.0,6,5
614,62,100,1.610816,144.13365,0.580002,96.0,0.0,89.0,87.0,87.0,90.0,87.0,90.0,6,5
615,62,100,1.610816,144.13365,0.580002,96.0,0.0,89.0,87.0,87.0,88.0,88.0,89.0,6,5
616,62,100,1.610816,144.13365,0.580002,96.0,0.0,89.0,87.0,87.0,89.0,89.0,90.0,6,5
617,62,100,1.610816,144.13365,0.580002,96.0,0.0,89.0,87.0,87.0,89.0,90.0,89.0,6,5
618,62,100,1.610816,144.13365,0.580002,96.0,0.0,89.0,87.0,87.0,90.0,89.0,88.0,6,5
619,62,100,1.610816,144.13365,0.580002,96.0,0.0,89.0,87.0,87.0,89.0,87.0,87.0,6,5
620,63,100,1.621096,135.68315,0.225266,98.0,0.0,90.0,91.0,92.0,87.0,87.0,87.0,7,3
621,63,100,1.621096,135.68315,0.225266,98.0,0.0,90.0,91.0,92.0,89.0,89.0,88.0,7,3
622,63,100,1.621096,135.68315,0.225266,98.0,0.0,90.0,91.0,92.0,88.0,87.0,87.0,7,3
623,63,100,1.621096,135.68315,0.225266,98.0,0.0,90.0,91.0,92.0,89.0,89.0,89.0,7,3
624,63,100,1.621096,135.68315,0.225266,98.0,0.0,90.0,91.0,92.0,89.0,89.0,88.0,7,3
625,63,100,1.621096,135.68315,0.225266,98.0,0.0,90.0,91.0,92.0,90.0,90.0,91.0,7,3
626,63,100,1.621096,135.68315,0.225266,98.0,0.0,90.0,91.0,92.0,90.0,91.0,89.0,7,3
627,63,100,1.621096,135.68315,0.225266,98.0,0.0,90.0,91.0,92.0,91.0,92.0,91.0,7,3
628,63,100,1.621096,135.68315,0.225266,98.0,0.0,90.0,91.0,92.0,91.0,91.0,92.0,7,3
629,63,100,1.621096,135.68315,0.225266,98.0,0.0,90.0,91.0,92.0,90.0,91.0,92.0,7,3
630,64,100,0.820835,143.786127,0.57813,99.0,0.0,94.0,94.0,93.0,90.0,90.0,90.0,5,1
631,64,100,0.820835,143.786127,0.57813,99.0,0.0,94.0,94.0,93.0,91.0,91.0,92.0,5,1
632,64,100,0.820835,143.786127,0.57813,99.0,0.0,94.0,94.0,93.0,93.0,91.0,91.0,5,1
633,64,100,0.820835,143.786127,0.57813,99.0,0.0,94.0,94.0,93.0,93.0,93.0,91.0,5,1
634,64,100,0.820835,143.786127,0.57813,99.0,0.0,94.0,94.0,93.0,94.0,93.0,94.0,5,1
635,64,100,0.820835,143.786127,0.57813,99.0,0.0,94.0,94.0,93.0,94.0,92.0,92.0,5,1
636,64,100,0.820835,143.786127,0.57813,99.0,0.0,94.0,94.0,93.0,92.0,92.0,90.0,5,1
637,64,100,0.820835,143.786127,0.57813,99.0,0.0,94.0,94.0,93.0,93.0,92.0,91.0,5,1
638,64,100,0.820835,143.786127,0.57813,99.0,0.0,94.0,94.0,93.0,93.0,92.0,91.0,5,1
639,64,100,0.820835,143.786127,0.57813,99.0,0.0,94.0,94.0,93.0,94.0,94.0,93.0,5,1
640,65,100,1.604111,141.269709,0.221618,94.0,0.0,91.0,89.0,89.0,87.0,87.0,87.0,8,1
641,65,100,1.604111,141.269709,0.221618,94.0,0.0,91.0,89.0,89.0,85.0,87.0,86.0,8,1
642,65,100,1.604111,141.269709,0.221618,94.0,0.0,91.0,89.0,89.0,89.0,86.0,86.0,8,1
643,65,100,1.604111,141.269709,0.221618,94.0,0.0,91.0,89.0,89.0,88.0,88.0,87.0,8,1
644,65,100,1.604111,141.269709,0.221618,94.0,0.0,91.0,89.0,89.0,90.0,89.0,89.0,8,1
645,65,100,1.604111,141.269709,0.221618,94.0,0.0,91.0,89.0,89.0,90.0,89.0,87.0,8,1
646,65,100,1.604111,141.269709,0.221618,94.0,0.0,91.0,89.0,89.0,90.0,89.0,89.0,8,1
647,65,100,1.604111,141.269709,0.221618,94.0,0.0,91.0,89.0,89.0,90.0,90.0,89.0,8,1
648,65,100,1.604111,141.269709,0.221618,94.0,0.0,91.0,89.0,89.0,91.0,89.0,89.0,8,1
649,65,100,1.604111,141.269709,0.221618,94.0,0.0,91.0,89.0,89.0,91.0,89.0,89.0,8,1
650,66,100,0.65824,138.551091,0.587814,95.0,0.0,90.0,89.0,89.0,87.0,87.0,87.0,8,2
651,66,100,0.65824,138.551091,0.587814,95.0,0.0,90.0,89.0,89.0,89.0,89.0,88.0,8,2
652,66,100,0.65824,138.551091,0.587814,95.0,0.0,90.0,89.0,89.0,86.0,87.0,87.0,8,2
653,66,100,0.65824,138.551091,0.587814,95.0,0.0,90.0,89.0,89.0,88.0,89.0,88.0,8,2
654,66,100,0.65824,138.551091,0.587814,95.0,0.0,90.0,89.0,89.0,90.0,92.0,91.0,8,2
655,66,100,0.65824,138.551091,0.587814,95.0,0.0,90.0,89.0,89.0,91.0,91.0,90.0,8,2
656,66,100,0.65824,138.551091,0.587814,95.0,0.0,90.0,89.0,89.0,91.0,91.0,91.0,8,2
657,66,100,0.65824,138.551091,0.587814,95.0,0.0,90.0,89.0,89.0,91.0,90.0,89.0,8,2
658,66,100,0.65824,138.551091,0.587814,95.0,0.0,90.0,89.0,89.0,91.0,90.0,90.0,8,2
659,66,100,0.65824,138.551091,0.587814,95.0,0.0,90.0,89.0,89.0,90.0,89.0,89.0,8,2
660,67,100,1.621977,144.102843,0.582599,98.0,0.0,93.0,93.0,92.0,91.0,91.0,91.0,6,1
661,67,100,1.621977,144.102843,0.582599,98.0,0.0,93.0,93.0,92.0,88.0,88.0,89.0,6,1
662,67,100,1.621977,144.102843,0.582599,98.0,0.0,93.0,93.0,92.0,93.0,93.0,92.0,6,1
663,67,100,1.621977,144.102843,0.582599,98.0,0.0,93.0,93.0,92.0,93.0,93.0,93.0,6,1
664,67,100,1.621977,144.102843,0.582599,98.0,0.0,93.0,93.0,92.0,93.0,93.0,93.0,6,1
665,67,100,1.621977,144.102843,0.582599,98.0,0.0,93.0,93.0,92.0,93.0,93.0,90.0,6,1
666,67,100,1.621977,144.102843,0.582599,98.0,0.0,93.0,93.0,92.0,93.0,92.0,89.0,6,1
667,67,100,1.621977,144.102843,0.582599,98.0,0.0,93.0,93.0,92.0,93.0,92.0,89.0,6,1
668,67,100,1.621977,144.102843,0.582599,98.0,0.0,93.0,93.0,92.0,93.0,92.0,90.0,6,1
669,67,100,1.621977,144.102843,0.582599,98.0,0.0,93.0,93.0,92.0,93.0,93.0,92.0,6,1
670,68,100,0.662063,134.937627,0.581423,94.0,0.0,81.0,81.0,81.0,81.0,81.0,81.0,14,5
671,68,100,0.662063,134.937627,0.581423,94.0,0.0,81.0,81.0,81.0,82.0,83.0,83.0,14,5
672,68,100,0.662063,134.937627,0.581423,94.0,0.0,81.0,81.0,81.0,80.0,81.0,83.0,14,5
673,68,100,0.662063,134.937627,0.581423,94.0,0.0,81.0,81.0,81.0,82.0,81.0,81.0,14,5
674,68,100,0.662063,134.937627,0.581423,94.0,0.0,81.0,81.0,81.0,84.0,79.0,80.0,14,5
675,68,100,0.662063,134.937627,0.581423,94.0,0.0,81.0,81.0,81.0,84.0,83.0,82.0,14,5
676,68,100,0.662063,134.937627,0.581423,94.0,0.0,81.0,81.0,81.0,84.0,81.0,82.0,14,5
677,68,100,0.662063,134.937627,0.581423,94.0,0.0,81.0,81.0,81.0,81.0,81.0,83.0,14,5
678,68,100,0.662063,134.937627,0.581423,94.0,0.0,81.0,81.0,81.0,83.0,82.0,82.0,14,5
679,68,100,0.662063,134.937627,0.581423,94.0,0.0,81.0,81.0,81.0,81.0,81.0,81.0,14,5
680,69,100,1.605633,143.9027,0.579987,98.0,0.0,89.0,89.0,89.0,86.0,86.0,86.0,6,5
681,69,100,1.605633,143.9027,0.579987,98.0,0.0,89.0,89.0,89.0,87.0,86.0,89.0,6,5
682,69,100,1.605633,143.9027,0.579987,98.0,0.0,89.0,89.0,89.0,88.0,87.0,89.0,6,5
683,69,100,1.605633,143.9027,0.579987,98.0,0.0,89.0,89.0,89.0,89.0,89.0,88.0,6,5
684,69,100,1.605633,143.9027,0.579987,98.0,0.0,89.0,89.0,89.0,89.0,90.0,90.0,6,5
685,69,100,1.605633,143.9027,0.579987,98.0,0.0,89.0,89.0,89.0,89.0,89.0,89.0,6,5
686,69,100,1.605633,143.9027,0.579987,98.0,0.0,89.0,89.0,89.0,89.0,89.0,89.0,6,5
687,69,100,1.605633,143.9027,0.579987,98.0,0.0,89.0,89.0,89.0,89.0,89.0,89.0,6,5
688,69,100,1.605633,143.9027,0.579987,98.0,0.0,89.0,89.0,89.0,89.0,89.0,89.0,6,5
689,69,100,1.605633,143.9027,0.579987,98.0,0.0,89.0,89.0,89.0,89.0,89.0,89.0,6,5
690,70,100,1.611013,133.271964,0.582862,93.0,1.0,86.0,86.0,86.0,83.0,83.0,83.0,8,6
691,70,100,1.611013,133.271964,0.582862,93.0,1.0,86.0,86.0,86.0,86.0,86.0,84.0,8,6
692,70,100,1.611013,133.271964,0.582862,93.0,1.0,86.0,86.0,86.0,88.0,87.0,87.0,8,6
693,70,100,1.611013,133.271964,0.582862,93.0,1.0,86.0,86.0,86.0,87.0,85.0,85.0,8,6
694,70,100,1.611013,133.271964,0.582862,93.0,1.0,86.0,86.0,86.0,86.0,88.0,88.0,8,6
695,70,100,1.611013,133.271964,0.582862,93.0,1.0,86.0,86.0,86.0,86.0,87.0,86.0,8,6
696,70,100,1.611013,133.271964,0.582862,93.0,1.0,86.0,86.0,86.0,86.0,87.0,86.0,8,6
697,70,100,1.611013,133.271964,0.582862,93.0,1.0,86.0,86.0,86.0,85.0,86.0,83.0,8,6
698,70,100,1.611013,133.271964,0.582862,93.0,1.0,86.0,86.0,86.0,84.0,86.0,85.0,8,6
699,70,100,1.611013,133.271964,0.582862,93.0,1.0,86.0,86.0,86.0,86.0,86.0,86.0,8,6
700,71,100,1.62052,145.392245,0.582509,92.0,0.0,87.0,86.0,86.0,85.0,85.0,85.0,12,1
701,71,100,1.62052,145.392245,0.582509,92.0,0.0,87.0,86.0,86.0,85.0,85.0,87.0,12,1
702,71,100,1.62052,145.392245,0.582509,92.0,0.0,87.0,86.0,86.0,87.0,87.0,88.0,12,1
703,71,100,1.62052,145.392245,0.582509,92.0,0.0,87.0,86.0,86.0,86.0,87.0,87.0,12,1
704,71,100,1.62052,145.392245,0.582509,92.0,0.0,87.0,86.0,86.0,86.0,86.0,86.0,12,1
705,71,100,1.62052,145.392245,0.582509,92.0,0.0,87.0,86.0,86.0,87.0,86.0,87.0,12,1
706,71,100,1.62052,145.392245,0.582509,92.0,0.0,87.0,86.0,86.0,87.0,86.0,86.0,12,1
707,71,100,1.62052,145.392245,0.582509,92.0,0.0,87.0,86.0,86.0,87.0,86.0,86.0,12,1
708,71,100,1.62052,145.392245,0.582509,92.0,0.0,87.0,86.0,86.0,87.0,87.0,86.0,12,1
709,71,100,1.62052,145.392245,0.582509,92.0,0.0,87.0,86.0,86.0,87.0,86.0,86.0,12,1
710,72,100,1.600864,101.787574,0.220308,98.0,0.0,93.0,93.0,93.0,87.0,87.0,87.0,5,2
711,72,100,1.600864,101.787574,0.220308,98.0,0.0,93.0,93.0,93.0,90.0,88.0,89.0,5,2
712,72,100,1.600864,101.787574,0.220308,98.0,0.0,93.0,93.0,93.0,89.0,89.0,88.0,5,2
713,72,100,1.600864,101.787574,0.220308,98.0,0.0,93.0,93.0,93.0,90.0,91.0,90.0,5,2
714,72,100,1.600864,101.787574,0.220308,98.0,0.0,93.0,93.0,93.0,92.0,93.0,91.0,5,2
715,72,100,1.600864,101.787574,0.220308,98.0,0.0,93.0,93.0,93.0,94.0,93.0,92.0,5,2
716,72,100,1.600864,101.787574,0.220308,98.0,0.0,93.0,93.0,93.0,93.0,93.0,93.0,5,2
717,72,100,1.600864,101.787574,0.220308,98.0,0.0,93.0,93.0,93.0,93.0,92.0,93.0,5,2
718,72,100,1.600864,101.787574,0.220308,98.0,0.0,93.0,93.0,93.0,93.0,93.0,93.0,5,2
719,72,100,1.600864,101.787574,0.220308,98.0,0.0,93.0,93.0,93.0,93.0,93.0,93.0,5,2
720,73,100,0.658828,140.505808,0.58085,98.0,0.0,92.0,93.0,92.0,90.0,90.0,90.0,6,2
721,73,100,0.658828,140.505808,0.58085,98.0,0.0,92.0,93.0,92.0,90.0,90.0,89.0,6,2
722,73,100,0.658828,140.505808,0.58085,98.0,0.0,92.0,93.0,92.0,90.0,92.0,92.0,6,2
723,73,100,0.658828,140.505808,0.58085,98.0,0.0,92.0,93.0,92.0,91.0,92.0,92.0,6,2
724,73,100,0.658828,140.505808,0.58085,98.0,0.0,92.0,93.0,92.0,91.0,92.0,92.0,6,2
725,73,100,0.658828,140.505808,0.58085,98.0,0.0,92.0,93.0,92.0,92.0,93.0,92.0,6,2
726,73,100,0.658828,140.505808,0.58085,98.0,0.0,92.0,93.0,92.0,92.0,91.0,91.0,6,2
727,73,100,0.658828,140.505808,0.58085,98.0,0.0,92.0,93.0,92.0,92.0,93.0,92.0,6,2
728,73,100,0.658828,140.505808,0.58085,98.0,0.0,92.0,93.0,92.0,92.0,92.0,92.0,6,2
729,73,100,0.658828,140.505808,0.58085,98.0,0.0,92.0,93.0,92.0,92.0,93.0,92.0,6,2
730,74,100,1.607469,144.44799,0.581231,94.0,0.0,91.0,91.0,94.0,88.0,88.0,88.0,8,1
731,74,100,1.607469,144.44799,0.581231,94.0,0.0,91.0,91.0,94.0,90.0,90.0,91.0,8,1
732,74,100,1.607469,144.44799,0.581231,94.0,0.0,91.0,91.0,94.0,89.0,91.0,91.0,8,1
733,74,100,1.607469,144.44799,0.581231,94.0,0.0,91.0,91.0,94.0,90.0,92.0,93.0,8,1
734,74,100,1.607469,144.44799,0.581231,94.0,0.0,91.0,91.0,94.0,91.0,90.0,90.0,8,1
735,74,100,1.607469,144.44799,0.581231,94.0,0.0,91.0,91.0,94.0,90.0,90.0,90.0,8,1
736,74,100,1.607469,144.44799,0.581231,94.0,0.0,91.0,91.0,94.0,91.0,91.0,89.0,8,1
737,74,100,1.607469,144.44799,0.581231,94.0,0.0,91.0,91.0,94.0,90.0,90.0,91.0,8,1
738,74,100,1.607469,144.44799,0.581231,94.0,0.0,91.0,91.0,94.0,90.0,91.0,90.0,8,1
739,74,100,1.607469,144.44799,0.581231,94.0,0.0,91.0,91.0,94.0,91.0,91.0,94.0,8,1
740,75,100,0.6587,134.953302,0.588423,91.0,0.0,87.0,85.0,86.0,84.0,84.0,84.0,10,3
741,75,100,0.6587,134.953302,0.588423,91.0,0.0,87.0,85.0,86.0,88.0,88.0,86.0,10,3
742,75,100,0.6587,134.953302,0.588423,91.0,0.0,87.0,85.0,86.0,89.0,89.0,88.0,10,3
743,75,100,0.6587,134.953302,0.588423,91.0,0.0,87.0,85.0,86.0,89.0,89.0,89.0,10,3
744,75,100,0.6587,134.953302,0.588423,91.0,0.0,87.0,85.0,86.0,88.0,87.0,87.0,10,3
745,75,100,0.6587,134.953302,0.588423,91.0,0.0,87.0,85.0,86.0,88.0,87.0,89.0,10,3
746,75,100,0.6587,134.953302,0.588423,91.0,0.0,87.0,85.0,86.0,88.0,86.0,87.0,10,3
747,75,100,0.6587,134.953302,0.588423,91.0,0.0,87.0,85.0,86.0,87.0,86.0,86.0,10,3
748,75,100,0.6587,134.953302,0.588423,91.0,0.0,87.0,85.0,86.0,87.0,86.0,86.0,10,3
749,75,100,0.6587,134.953302,0.588423,91.0,0.0,87.0,85.0,86.0,87.0,85.0,86.0,10,3
750,76,100,1.6046010000000002,145.261442,0.582551,94.0,0.0,91.0,91.0,91.0,88.0,88.0,88.0,7,2
751,76,100,1.6046010000000002,145.261442,0.582551,94.0,0.0,91.0,91.0,91.0,87.0,87.0,90.0,7,2
752,76,100,1.6046010000000002,145.261442,0.582551,94.0,0.0,91.0,91.0,91.0,90.0,90.0,91.0,7,2
753,76,100,1.6046010000000002,145.261442,0.582551,94.0,0.0,91.0,91.0,91.0,91.0,91.0,92.0,7,2
754,76,100,1.6046010000000002,145.261442,0.582551,94.0,0.0,91.0,91.0,91.0,90.0,91.0,91.0,7,2
755,76,100,1.6046010000000002,145.261442,0.582551,94.0,0.0,91.0,91.0,91.0,91.0,91.0,91.0,7,2
756,76,100,1.6046010000000002,145.261442,0.582551,94.0,0.0,91.0,91.0,91.0,92.0,92.0,92.0,7,2
757,76,100,1.6046010000000002,145.261442,0.582551,94.0,0.0,91.0,91.0,91.0,90.0,91.0,91.0,7,2
758,76,100,1.6046010000000002,145.261442,0.582551,94.0,0.0,91.0,91.0,91.0,92.0,92.0,92.0,7,2
759,76,100,1.6046010000000002,145.261442,0.582551,94.0,0.0,91.0,91.0,91.0,91.0,91.0,91.0,7,2
760,77,100,1.611917,133.497198,0.587116,94.0,0.0,88.0,87.0,88.0,88.0,88.0,88.0,4,8
761,77,100,1.611917,133.497198,0.587116,94.0,0.0,88.0,87.0,88.0,89.0,89.0,92.0,4,8
762,77,100,1.611917,133.497198,0.587116,94.0,0.0,88.0,87.0,88.0,88.0,89.0,91.0,4,8
763,77,100,1.611917,133.497198,0.587116,94.0,0.0,88.0,87.0,88.0,88.0,89.0,89.0,4,8
764,77,100,1.611917,133.497198,0.587116,94.0,0.0,88.0,87.0,88.0,89.0,89.0,90.0,4,8
765,77,100,1.611917,133.497198,0.587116,94.0,0.0,88.0,87.0,88.0,88.0,88.0,89.0,4,8
766,77,100,1.611917,133.497198,0.587116,94.0,0.0,88.0,87.0,88.0,88.0,88.0,89.0,4,8
767,77,100,1.611917,133.497198,0.587116,94.0,0.0,88.0,87.0,88.0,87.0,87.0,90.0,4,8
768,77,100,1.611917,133.497198,0.587116,94.0,0.0,88.0,87.0,88.0,87.0,87.0,89.0,4,8
769,77,100,1.611917,133.497198,0.587116,94.0,0.0,88.0,87.0,88.0,88.0,87.0,88.0,4,8
770,78,100,1.6275249999999999,145.814926,0.584791,97.0,0.0,86.0,85.0,85.0,88.0,88.0,88.0,6,8
771,78,100,1.6275249999999999,145.814926,0.584791,97.0,0.0,86.0,85.0,85.0,87.0,88.0,87.0,6,8
772,78,100,1.6275249999999999,145.814926,0.584791,97.0,0.0,86.0,85.0,85.0,85.0,85.0,85.0,6,8
773,78,100,1.6275249999999999,145.814926,0.584791,97.0,0.0,86.0,85.0,85.0,88.0,86.0,88.0,6,8
774,78,100,1.6275249999999999,145.814926,0.584791,97.0,0.0,86.0,85.0,85.0,87.0,88.0,89.0,6,8
775,78,100,1.6275249999999999,145.814926,0.584791,97.0,0.0,86.0,85.0,85.0,87.0,86.0,87.0,6,8
776,78,100,1.6275249999999999,145.814926,0.584791,97.0,0.0,86.0,85.0,85.0,88.0,87.0,88.0,6,8
777,78,100,1.6275249999999999,145.814926,0.584791,97.0,0.0,86.0,85.0,85.0,87.0,87.0,86.0,6,8
778,78,100,1.6275249999999999,145.814926,0.584791,97.0,0.0,86.0,85.0,85.0,87.0,86.0,87.0,6,8
779,78,100,1.6275249999999999,145.814926,0.584791,97.0,0.0,86.0,85.0,85.0,86.0,85.0,85.0,6,8
780,79,100,1.6216789999999999,133.944566,0.584268,92.0,0.0,90.0,90.0,90.0,86.0,86.0,86.0,6,4
781,79,100,1.6216789999999999,133.944566,0.584268,92.0,0.0,90.0,90.0,90.0,88.0,88.0,89.0,6,4
782,79,100,1.6216789999999999,133.944566,0.584268,92.0,0.0,90.0,90.0,90.0,90.0,90.0,90.0,6,4
783,79,100,1.6216789999999999,133.944566,0.584268,92.0,0.0,90.0,90.0,90.0,89.0,89.0,90.0,6,4
784,79,100,1.6216789999999999,133.944566,0.584268,92.0,0.0,90.0,90.0,90.0,91.0,90.0,90.0,6,4
785,79,100,1.6216789999999999,133.944566,0.584268,92.0,0.0,90.0,90.0,90.0,90.0,90.0,91.0,6,4
786,79,100,1.6216789999999999,133.944566,0.584268,92.0,0.0,90.0,90.0,90.0,91.0,91.0,91.0,6,4
787,79,100,1.6216789999999999,133.944566,0.584268,92.0,0.0,90.0,90.0,90.0,91.0,90.0,90.0,6,4
788,79,100,1.6216789999999999,133.944566,0.584268,92.0,0.0,90.0,90.0,90.0,91.0,91.0,91.0,6,4
789,79,100,1.6216789999999999,133.944566,0.584268,92.0,0.0,90.0,90.0,90.0,90.0,90.0,90.0,6,4
790,80,100,1.6232069999999998,145.82817,0.579107,98.0,0.0,89.0,90.0,91.0,92.0,92.0,92.0,7,4
791,80,100,1.6232069999999998,145.82817,0.579107,98.0,0.0,89.0,90.0,91.0,92.0,91.0,91.0,7,4
792,80,100,1.6232069999999998,145.82817,0.579107,98.0,0.0,89.0,90.0,91.0,90.0,89.0,89.0,7,4
793,80,100,1.6232069999999998,145.82817,0.579107,98.0,0.0,89.0,90.0,91.0,89.0,89.0,90.0,7,4
794,80,100,1.6232069999999998,145.82817,0.579107,98.0,0.0,89.0,90.0,91.0,89.0,89.0,91.0,7,4
795,80,100,1.6232069999999998,145.82817,0.579107,98.0,0.0,89.0,90.0,91.0,90.0,90.0,92.0,7,4
796,80,100,1.6232069999999998,145.82817,0.579107,98.0,0.0,89.0,90.0,91.0,89.0,89.0,90.0,7,4
797,80,100,1.6232069999999998,145.82817,0.579107,98.0,0.0,89.0,90.0,91.0,89.0,89.0,90.0,7,4
798,80,100,1.6232069999999998,145.82817,0.579107,98.0,0.0,89.0,90.0,91.0,88.0,89.0,90.0,7,4
799,80,100,1.6232069999999998,145.82817,0.579107,98.0,0.0,89.0,90.0,91.0,89.0,90.0,91.0,7,4
800,81,100,1.622154,134.071884,0.586002,98.0,0.0,94.0,96.0,95.0,90.0,90.0,90.0,3,3
801,81,100,1.622154,134.071884,0.586002,98.0,0.0,94.0,96.0,95.0,94.0,93.0,89.0,3,3
802,81,100,1.622154,134.071884,0.586002,98.0,0.0,94.0,96.0,95.0,95.0,90.0,88.0,3,3
803,81,100,1.622154,134.071884,0.586002,98.0,0.0,94.0,96.0,95.0,96.0,94.0,90.0,3,3
804,81,100,1.622154,134.071884,0.586002,98.0,0.0,94.0,96.0,95.0,95.0,96.0,91.0,3,3
805,81,100,1.622154,134.071884,0.586002,98.0,0.0,94.0,96.0,95.0,96.0,94.0,94.0,3,3
806,81,100,1.622154,134.071884,0.586002,98.0,0.0,94.0,96.0,95.0,95.0,94.0,94.0,3,3
807,81,100,1.622154,134.071884,0.586002,98.0,0.0,94.0,96.0,95.0,94.0,96.0,95.0,3,3
808,81,100,1.622154,134.071884,0.586002,98.0,0.0,94.0,96.0,95.0,95.0,95.0,95.0,3,3
809,81,100,1.622154,134.071884,0.586002,98.0,0.0,94.0,96.0,95.0,94.0,96.0,95.0,3,3
810,82,100,1.6252529999999998,145.826012,0.578321,97.0,0.0,87.0,88.0,89.0,81.0,81.0,81.0,9,4
811,82,100,1.6252529999999998,145.826012,0.578321,97.0,0.0,87.0,88.0,89.0,86.0,86.0,84.0,9,4
812,82,100,1.6252529999999998,145.826012,0.578321,97.0,0.0,87.0,88.0,89.0,86.0,84.0,84.0,9,4
813,82,100,1.6252529999999998,145.826012,0.578321,97.0,0.0,87.0,88.0,89.0,84.0,86.0,87.0,9,4
814,82,100,1.6252529999999998,145.826012,0.578321,97.0,0.0,87.0,88.0,89.0,85.0,86.0,86.0,9,4
815,82,100,1.6252529999999998,145.826012,0.578321,97.0,0.0,87.0,88.0,89.0,86.0,87.0,88.0,9,4
816,82,100,1.6252529999999998,145.826012,0.578321,97.0,0.0,87.0,88.0,89.0,87.0,86.0,86.0,9,4
817,82,100,1.6252529999999998,145.826012,0.578321,97.0,0.0,87.0,88.0,89.0,87.0,86.0,87.0,9,4
818,82,100,1.6252529999999998,145.826012,0.578321,97.0,0.0,87.0,88.0,89.0,87.0,87.0,87.0,9,4
819,82,100,1.6252529999999998,145.826012,0.578321,97.0,0.0,87.0,88.0,89.0,87.0,88.0,89.0,9,4
820,83,100,1.60626,134.058724,0.588,93.0,0.0,87.0,89.0,90.0,88.0,88.0,88.0,9,4
821,83,100,1.60626,134.058724,0.588,93.0,0.0,87.0,89.0,90.0,86.0,86.0,88.0,9,4
822,83,100,1.60626,134.058724,0.588,93.0,0.0,87.0,89.0,90.0,90.0,89.0,89.0,9,4
823,83,100,1.60626,134.058724,0.588,93.0,0.0,87.0,89.0,90.0,88.0,88.0,89.0,9,4
824,83,100,1.60626,134.058724,0.588,93.0,0.0,87.0,89.0,90.0,89.0,88.0,88.0,9,4
825,83,100,1.60626,134.058724,0.588,93.0,0.0,87.0,89.0,90.0,89.0,88.0,89.0,9,4
826,83,100,1.60626,134.058724,0.588,93.0,0.0,87.0,89.0,90.0,87.0,88.0,88.0,9,4
827,83,100,1.60626,134.058724,0.588,93.0,0.0,87.0,89.0,90.0,89.0,88.0,89.0,9,4
828,83,100,1.60626,134.058724,0.588,93.0,0.0,87.0,89.0,90.0,88.0,88.0,88.0,9,4
829,83,100,1.60626,134.058724,0.588,93.0,0.0,87.0,89.0,90.0,87.0,89.0,90.0,9,4
830,84,100,1.626152,145.736563,0.585584,99.0,0.0,89.0,89.0,89.0,83.0,83.0,83.0,6,5
831,84,100,1.626152,145.736563,0.585584,99.0,0.0,89.0,89.0,89.0,83.0,83.0,83.0,6,5
832,84,100,1.626152,145.736563,0.585584,99.0,0.0,89.0,89.0,89.0,83.0,86.0,84.0,6,5
833,84,100,1.626152,145.736563,0.585584,99.0,0.0,89.0,89.0,89.0,85.0,85.0,88.0,6,5
834,84,100,1.626152,145.736563,0.585584,99.0,0.0,89.0,89.0,89.0,88.0,86.0,87.0,6,5
835,84,100,1.626152,145.736563,0.585584,99.0,0.0,89.0,89.0,89.0,87.0,86.0,86.0,6,5
836,84,100,1.626152,145.736563,0.585584,99.0,0.0,89.0,89.0,89.0,88.0,85.0,87.0,6,5
837,84,100,1.626152,145.736563,0.585584,99.0,0.0,89.0,89.0,89.0,91.0,88.0,88.0,6,5
838,84,100,1.626152,145.736563,0.585584,99.0,0.0,89.0,89.0,89.0,90.0,90.0,88.0,6,5
839,84,100,1.626152,145.736563,0.585584,99.0,0.0,89.0,89.0,89.0,89.0,89.0,89.0,6,5
840,85,100,1.612581,133.523179,0.580986,96.0,0.0,85.0,87.0,88.0,83.0,83.0,83.0,12,3
841,85,100,1.612581,133.523179,0.580986,96.0,0.0,85.0,87.0,88.0,85.0,85.0,86.0,12,3
842,85,100,1.612581,133.523179,0.580986,96.0,0.0,85.0,87.0,88.0,86.0,87.0,88.0,12,3
843,85,100,1.612581,133.523179,0.580986,96.0,0.0,85.0,87.0,88.0,84.0,84.0,88.0,12,3
844,85,100,1.612581,133.523179,0.580986,96.0,0.0,85.0,87.0,88.0,87.0,87.0,87.0,12,3
845,85,100,1.612581,133.523179,0.580986,96.0,0.0,85.0,87.0,88.0,85.0,85.0,88.0,12,3
846,85,100,1.612581,133.523179,0.580986,96.0,0.0,85.0,87.0,88.0,86.0,85.0,84.0,12,3
847,85,100,1.612581,133.523179,0.580986,96.0,0.0,85.0,87.0,88.0,86.0,87.0,89.0,12,3
848,85,100,1.612581,133.523179,0.580986,96.0,0.0,85.0,87.0,88.0,85.0,87.0,87.0,12,3
849,85,100,1.612581,133.523179,0.580986,96.0,0.0,85.0,87.0,88.0,85.0,87.0,88.0,12,3
850,86,100,1.609506,145.099818,0.582793,93.0,0.0,91.0,91.0,90.0,84.0,84.0,84.0,8,1
851,86,100,1.609506,145.099818,0.582793,93.0,0.0,91.0,91.0,90.0,88.0,87.0,85.0,8,1
852,86,100,1.609506,145.099818,0.582793,93.0,0.0,91.0,91.0,90.0,87.0,86.0,87.0,8,1
853,86,100,1.609506,145.099818,0.582793,93.0,0.0,91.0,91.0,90.0,87.0,88.0,89.0,8,1
854,86,100,1.609506,145.099818,0.582793,93.0,0.0,91.0,91.0,90.0,89.0,90.0,90.0,8,1
855,86,100,1.609506,145.099818,0.582793,93.0,0.0,91.0,91.0,90.0,89.0,89.0,89.0,8,1
856,86,100,1.609506,145.099818,0.582793,93.0,0.0,91.0,91.0,90.0,89.0,89.0,89.0,8,1
857,86,100,1.609506,145.099818,0.582793,93.0,0.0,91.0,91.0,90.0,90.0,89.0,89.0,8,1
858,86,100,1.609506,145.099818,0.582793,93.0,0.0,91.0,91.0,90.0,90.0,90.0,90.0,8,1
859,86,100,1.609506,145.099818,0.582793,93.0,0.0,91.0,91.0,90.0,91.0,91.0,90.0,8,1
860,87,100,1.612842,135.212906,0.256039,97.0,0.0,95.0,96.0,96.0,92.0,92.0,92.0,3,2
861,87,100,1.612842,135.212906,0.256039,97.0,0.0,95.0,96.0,96.0,93.0,92.0,95.0,3,2
862,87,100,1.612842,135.212906,0.256039,97.0,0.0,95.0,96.0,96.0,95.0,95.0,96.0,3,2
863,87,100,1.612842,135.212906,0.256039,97.0,0.0,95.0,96.0,96.0,96.0,95.0,97.0,3,2
864,87,100,1.612842,135.212906,0.256039,97.0,0.0,95.0,96.0,96.0,96.0,96.0,95.0,3,2
865,87,100,1.612842,135.212906,0.256039,97.0,0.0,95.0,96.0,96.0,95.0,96.0,97.0,3,2
866,87,100,1.612842,135.212906,0.256039,97.0,0.0,95.0,96.0,96.0,95.0,95.0,96.0,3,2
867,87,100,1.612842,135.212906,0.256039,97.0,0.0,95.0,96.0,96.0,96.0,97.0,97.0,3,2
868,87,100,1.612842,135.212906,0.256039,97.0,0.0,95.0,96.0,96.0,97.0,97.0,97.0,3,2
869,87,100,1.612842,135.212906,0.256039,97.0,0.0,95.0,96.0,96.0,95.0,96.0,96.0,3,2
870,88,100,0.989706,104.896279,0.577285,96.0,0.0,88.0,88.0,88.0,85.0,85.0,85.0,11,1
871,88,100,0.989706,104.896279,0.577285,96.0,0.0,88.0,88.0,88.0,88.0,87.0,85.0,11,1
872,88,100,0.989706,104.896279,0.577285,96.0,0.0,88.0,88.0,88.0,90.0,89.0,89.0,11,1
873,88,100,0.989706,104.896279,0.577285,96.0,0.0,88.0,88.0,88.0,89.0,90.0,89.0,11,1
874,88,100,0.989706,104.896279,0.577285,96.0,0.0,88.0,88.0,88.0,90.0,90.0,90.0,11,1
875,88,100,0.989706,104.896279,0.577285,96.0,0.0,88.0,88.0,88.0,88.0,89.0,88.0,11,1
876,88,100,0.989706,104.896279,0.577285,96.0,0.0,88.0,88.0,88.0,88.0,88.0,88.0,11,1
877,88,100,0.989706,104.896279,0.577285,96.0,0.0,88.0,88.0,88.0,88.0,88.0,88.0,11,1
878,88,100,0.989706,104.896279,0.577285,96.0,0.0,88.0,88.0,88.0,88.0,88.0,88.0,11,1
879,88,100,0.989706,104.896279,0.577285,96.0,0.0,88.0,88.0,88.0,88.0,88.0,88.0,11,1
880,89,100,1.625185,143.694757,0.579074,98.0,0.0,94.0,92.0,91.0,87.0,87.0,87.0,5,1
881,89,100,1.625185,143.694757,0.579074,98.0,0.0,94.0,92.0,91.0,91.0,90.0,87.0,5,1
882,89,100,1.625185,143.694757,0.579074,98.0,0.0,94.0,92.0,91.0,92.0,91.0,91.0,5,1
883,89,100,1.625185,143.694757,0.579074,98.0,0.0,94.0,92.0,91.0,91.0,92.0,91.0,5,1
884,89,100,1.625185,143.694757,0.579074,98.0,0.0,94.0,92.0,91.0,92.0,92.0,91.0,5,1
885,89,100,1.625185,143.694757,0.579074,98.0,0.0,94.0,92.0,91.0,92.0,91.0,90.0,5,1
886,89,100,1.625185,143.694757,0.579074,98.0,0.0,94.0,92.0,91.0,91.0,91.0,90.0,5,1
887,89,100,1.625185,143.694757,0.579074,98.0,0.0,94.0,92.0,91.0,93.0,92.0,90.0,5,1
888,89,100,1.625185,143.694757,0.579074,98.0,0.0,94.0,92.0,91.0,94.0,92.0,90.0,5,1
889,89,100,1.625185,143.694757,0.579074,98.0,0.0,94.0,92.0,91.0,94.0,92.0,91.0,5,1
890,90,100,1.624488,129.537251,0.220199,97.0,0.0,90.0,89.0,89.0,88.0,88.0,88.0,8,2
891,90,100,1.624488,129.537251,0.220199,97.0,0.0,90.0,89.0,89.0,87.0,87.0,83.0,8,2
892,90,100,1.624488,129.537251,0.220199,97.0,0.0,90.0,89.0,89.0,88.0,87.0,85.0,8,2
893,90,100,1.624488,129.537251,0.220199,97.0,0.0,90.0,89.0,89.0,87.0,87.0,84.0,8,2
894,90,100,1.624488,129.537251,0.220199,97.0,0.0,90.0,89.0,89.0,87.0,87.0,86.0,8,2
895,90,100,1.624488,129.537251,0.220199,97.0,0.0,90.0,89.0,89.0,89.0,90.0,88.0,8,2
896,90,100,1.624488,129.537251,0.220199,97.0,0.0,90.0,89.0,89.0,90.0,88.0,88.0,8,2
897,90,100,1.624488,129.537251,0.220199,97.0,0.0,90.0,89.0,89.0,90.0,88.0,89.0,8,2
898,90,100,1.624488,129.537251,0.220199,97.0,0.0,90.0,89.0,89.0,91.0,90.0,88.0,8,2
899,90,100,1.624488,129.537251,0.220199,97.0,0.0,90.0,89.0,89.0,90.0,89.0,89.0,8,2
900,91,100,0.659033,135.698115,0.581278,96.0,0.0,91.0,91.0,91.0,87.0,87.0,87.0,8,1
901,91,100,0.659033,135.698115,0.581278,96.0,0.0,91.0,91.0,91.0,90.0,89.0,91.0,8,1
902,91,100,0.659033,135.698115,0.581278,96.0,0.0,91.0,91.0,91.0,90.0,90.0,92.0,8,1
903,91,100,0.659033,135.698115,0.581278,96.0,0.0,91.0,91.0,91.0,91.0,91.0,91.0,8,1
904,91,100,0.659033,135.698115,0.581278,96.0,0.0,91.0,91.0,91.0,91.0,91.0,92.0,8,1
905,91,100,0.659033,135.698115,0.581278,96.0,0.0,91.0,91.0,91.0,91.0,91.0,91.0,8,1
906,91,100,0.659033,135.698115,0.581278,96.0,0.0,91.0,91.0,91.0,91.0,91.0,92.0,8,1
907,91,100,0.659033,135.698115,0.581278,96.0,0.0,91.0,91.0,91.0,91.0,91.0,91.0,8,1
908,91,100,0.659033,135.698115,0.581278,96.0,0.0,91.0,91.0,91.0,91.0,91.0,91.0,8,1
909,91,100,0.659033,135.698115,0.581278,96.0,0.0,91.0,91.0,91.0,91.0,91.0,91.0,8,1
910,92,100,1.612218,138.643862,0.582863,96.0,0.0,91.0,92.0,93.0,91.0,91.0,91.0,4,5
911,92,100,1.612218,138.643862,0.582863,96.0,0.0,91.0,92.0,93.0,90.0,91.0,93.0,4,5
912,92,100,1.612218,138.643862,0.582863,96.0,0.0,91.0,92.0,93.0,90.0,90.0,90.0,4,5
913,92,100,1.612218,138.643862,0.582863,96.0,0.0,91.0,92.0,93.0,89.0,89.0,91.0,4,5
914,92,100,1.612218,138.643862,0.582863,96.0,0.0,91.0,92.0,93.0,91.0,91.0,91.0,4,5
915,92,100,1.612218,138.643862,0.582863,96.0,0.0,91.0,92.0,93.0,91.0,90.0,92.0,4,5
916,92,100,1.612218,138.643862,0.582863,96.0,0.0,91.0,92.0,93.0,92.0,93.0,93.0,4,5
917,92,100,1.612218,138.643862,0.582863,96.0,0.0,91.0,92.0,93.0,91.0,91.0,92.0,4,5
918,92,100,1.612218,138.643862,0.582863,96.0,0.0,91.0,92.0,93.0,91.0,92.0,92.0,4,5
919,92,100,1.612218,138.643862,0.582863,96.0,0.0,91.0,92.0,93.0,91.0,92.0,93.0,4,5
920,93,100,1.603189,134.644577,0.222128,93.0,0.0,86.0,87.0,87.0,85.0,85.0,85.0,12,2
921,93,100,1.603189,134.644577,0.222128,93.0,0.0,86.0,87.0,87.0,87.0,87.0,87.0,12,2
922,93,100,1.603189,134.644577,0.222128,93.0,0.0,86.0,87.0,87.0,88.0,88.0,87.0,12,2
923,93,100,1.603189,134.644577,0.222128,93.0,0.0,86.0,87.0,87.0,86.0,88.0,88.0,12,2
924,93,100,1.603189,134.644577,0.222128,93.0,0.0,86.0,87.0,87.0,87.0,87.0,88.0,12,2
925,93,100,1.603189,134.644577,0.222128,93.0,0.0,86.0,87.0,87.0,86.0,87.0,89.0,12,2
926,93,100,1.603189,134.644577,0.222128,93.0,0.0,86.0,87.0,87.0,87.0,87.0,87.0,12,2
927,93,100,1.603189,134.644577,0.222128,93.0,0.0,86.0,87.0,87.0,86.0,87.0,87.0,12,2
928,93,100,1.603189,134.644577,0.222128,93.0,0.0,86.0,87.0,87.0,87.0,87.0,87.0,12,2
929,93,100,1.603189,134.644577,0.222128,93.0,0.0,86.0,87.0,87.0,86.0,87.0,87.0,12,2
930,94,100,0.660555,140.147512,0.57797,95.0,0.0,91.0,92.0,91.0,86.0,86.0,86.0,5,4
931,94,100,0.660555,140.147512,0.57797,95.0,0.0,91.0,92.0,91.0,85.0,86.0,85.0,5,4
932,94,100,0.660555,140.147512,0.57797,95.0,0.0,91.0,92.0,91.0,88.0,88.0,88.0,5,4
933,94,100,0.660555,140.147512,0.57797,95.0,0.0,91.0,92.0,91.0,89.0,89.0,88.0,5,4
934,94,100,0.660555,140.147512,0.57797,95.0,0.0,91.0,92.0,91.0,90.0,90.0,89.0,5,4
935,94,100,0.660555,140.147512,0.57797,95.0,0.0,91.0,92.0,91.0,91.0,90.0,90.0,5,4
936,94,100,0.660555,140.147512,0.57797,95.0,0.0,91.0,92.0,91.0,91.0,91.0,91.0,5,4
937,94,100,0.660555,140.147512,0.57797,95.0,0.0,91.0,92.0,91.0,91.0,92.0,91.0,5,4
938,94,100,0.660555,140.147512,0.57797,95.0,0.0,91.0,92.0,91.0,91.0,92.0,92.0,5,4
939,94,100,0.660555,140.147512,0.57797,95.0,0.0,91.0,92.0,91.0,91.0,92.0,91.0,5,4
940,95,100,1.625241,139.799931,0.576688,95.0,0.0,91.0,92.0,92.0,85.0,85.0,85.0,6,3
941,95,100,1.625241,139.799931,0.576688,95.0,0.0,91.0,92.0,92.0,88.0,88.0,88.0,6,3
942,95,100,1.625241,139.799931,0.576688,95.0,0.0,91.0,92.0,92.0,89.0,88.0,88.0,6,3
943,95,100,1.625241,139.799931,0.576688,95.0,0.0,91.0,92.0,92.0,88.0,90.0,89.0,6,3
944,95,100,1.625241,139.799931,0.576688,95.0,0.0,91.0,92.0,92.0,89.0,90.0,92.0,6,3
945,95,100,1.625241,139.799931,0.576688,95.0,0.0,91.0,92.0,92.0,90.0,90.0,90.0,6,3
946,95,100,1.625241,139.799931,0.576688,95.0,0.0,91.0,92.0,92.0,90.0,90.0,91.0,6,3
947,95,100,1.625241,139.799931,0.576688,95.0,0.0,91.0,92.0,92.0,91.0,91.0,90.0,6,3
948,95,100,1.625241,139.799931,0.576688,95.0,0.0,91.0,92.0,92.0,91.0,91.0,91.0,6,3
949,95,100,1.625241,139.799931,0.576688,95.0,0.0,91.0,92.0,92.0,91.0,92.0,92.0,6,3
950,96,100,1.613251,130.494113,0.582208,96.0,0.0,86.0,86.0,88.0,84.0,84.0,84.0,10,4
951,96,100,1.613251,130.494113,0.582208,96.0,0.0,86.0,86.0,88.0,86.0,86.0,84.0,10,4
952,96,100,1.613251,130.494113,0.582208,96.0,0.0,86.0,86.0,88.0,87.0,86.0,85.0,10,4
953,96,100,1.613251,130.494113,0.582208,96.0,0.0,86.0,86.0,88.0,86.0,85.0,85.0,10,4
954,96,100,1.613251,130.494113,0.582208,96.0,0.0,86.0,86.0,88.0,87.0,87.0,86.0,10,4
955,96,100,1.613251,130.494113,0.582208,96.0,0.0,86.0,86.0,88.0,87.0,86.0,87.0,10,4
956,96,100,1.613251,130.494113,0.582208,96.0,0.0,86.0,86.0,88.0,87.0,86.0,86.0,10,4
957,96,100,1.613251,130.494113,0.582208,96.0,0.0,86.0,86.0,88.0,86.0,86.0,87.0,10,4
958,96,100,1.613251,130.494113,0.582208,96.0,0.0,86.0,86.0,88.0,86.0,86.0,87.0,10,4
959,96,100,1.613251,130.494113,0.582208,96.0,0.0,86.0,86.0,88.0,86.0,86.0,88.0,10,4
960,97,100,1.614679,141.459563,0.58298,98.0,0.0,92.0,93.0,94.0,90.0,90.0,90.0,6,2
961,97,100,1.614679,141.459563,0.58298,98.0,0.0,92.0,93.0,94.0,91.0,90.0,88.0,6,2
962,97,100,1.614679,141.459563,0.58298,98.0,0.0,92.0,93.0,94.0,91.0,92.0,92.0,6,2
963,97,100,1.614679,141.459563,0.58298,98.0,0.0,92.0,93.0,94.0,93.0,94.0,93.0,6,2
964,97,100,1.614679,141.459563,0.58298,98.0,0.0,92.0,93.0,94.0,93.0,94.0,94.0,6,2
965,97,100,1.614679,141.459563,0.58298,98.0,0.0,92.0,93.0,94.0,94.0,95.0,93.0,6,2
966,97,100,1.614679,141.459563,0.58298,98.0,0.0,92.0,93.0,94.0,93.0,93.0,94.0,6,2
967,97,100,1.614679,141.459563,0.58298,98.0,0.0,92.0,93.0,94.0,93.0,93.0,94.0,6,2
968,97,100,1.614679,141.459563,0.58298,98.0,0.0,92.0,93.0,94.0,93.0,93.0,94.0,6,2
969,97,100,1.614679,141.459563,0.58298,98.0,0.0,92.0,93.0,94.0,92.0,93.0,94.0,6,2
970,98,100,1.623934,137.878611,0.220741,96.0,0.0,92.0,92.0,93.0,92.0,92.0,92.0,8,0
971,98,100,1.623934,137.878611,0.220741,96.0,0.0,92.0,92.0,93.0,94.0,95.0,89.0,8,0
972,98,100,1.623934,137.878611,0.220741,96.0,0.0,92.0,92.0,93.0,95.0,94.0,94.0,8,0
973,98,100,1.623934,137.878611,0.220741,96.0,0.0,92.0,92.0,93.0,94.0,94.0,95.0,8,0
974,98,100,1.623934,137.878611,0.220741,96.0,0.0,92.0,92.0,93.0,93.0,93.0,93.0,8,0
975,98,100,1.623934,137.878611,0.220741,96.0,0.0,92.0,92.0,93.0,92.0,94.0,94.0,8,0
976,98,100,1.623934,137.878611,0.220741,96.0,0.0,92.0,92.0,93.0,92.0,93.0,93.0,8,0
977,98,100,1.623934,137.878611,0.220741,96.0,0.0,92.0,92.0,93.0,92.0,93.0,92.0,8,0
978,98,100,1.623934,137.878611,0.220741,96.0,0.0,92.0,92.0,93.0,92.0,92.0,92.0,8,0
979,98,100,1.623934,137.878611,0.220741,96.0,0.0,92.0,92.0,93.0,92.0,92.0,93.0,8,0
980,99,100,0.659759,136.125228,0.581866,96.0,0.0,89.0,90.0,89.0,89.0,89.0,89.0,8,3
981,99,100,0.659759,136.125228,0.581866,96.0,0.0,89.0,90.0,89.0,90.0,91.0,89.0,8,3
982,99,100,0.659759,136.125228,0.581866,96.0,0.0,89.0,90.0,89.0,88.0,87.0,89.0,8,3
983,99,100,0.659759,136.125228,0.581866,96.0,0.0,89.0,90.0,89.0,88.0,88.0,89.0,8,3
984,99,100,0.659759,136.125228,0.581866,96.0,0.0,89.0,90.0,89.0,88.0,88.0,90.0,8,3
985,99,100,0.659759,136.125228,0.581866,96.0,0.0,89.0,90.0,89.0,87.0,89.0,90.0,8,3
986,99,100,0.659759,136.125228,0.581866,96.0,0.0,89.0,90.0,89.0,89.0,89.0,90.0,8,3
987,99,100,0.659759,136.125228,0.581866,96.0,0.0,89.0,90.0,89.0,88.0,89.0,90.0,8,3
988,99,100,0.659759,136.125228,0.581866,96.0,0.0,89.0,90.0,89.0,89.0,89.0,89.0,8,3
989,99,100,0.659759,136.125228,0.581866,96.0,0.0,89.0,90.0,89.0,89.0,90.0,89.0,8,3
990,100,100,1.6187420000000001,142.076379,0.587294,98.0,0.0,92.0,91.0,91.0,84.0,84.0,84.0,4,4
991,100,100,1.6187420000000001,142.076379,0.587294,98.0,0.0,92.0,91.0,91.0,88.0,88.0,85.0,4,4
992,100,100,1.6187420000000001,142.076379,0.587294,98.0,0.0,92.0,91.0,91.0,92.0,89.0,90.0,4,4
993,100,100,1.6187420000000001,142.076379,0.587294,98.0,0.0,92.0,91.0,91.0,93.0,92.0,91.0,4,4
994,100,100,1.6187420000000001,142.076379,0.587294,98.0,0.0,92.0,91.0,91.0,93.0,90.0,90.0,4,4
995,100,100,1.6187420000000001,142.076379,0.587294,98.0,0.0,92.0,91.0,91.0,93.0,91.0,91.0,4,4
996,100,100,1.6187420000000001,142.076379,0.587294,98.0,0.0,92.0,91.0,91.0,92.0,91.0,91.0,4,4
997,100,100,1.6187420000000001,142.076379,0.587294,98.0,0.0,92.0,91.0,91.0,91.0,91.0,91.0,4,4
998,100,100,1.6187420000000001,142.076379,0.587294,98.0,0.0,92.0,91.0,91.0,92.0,91.0,91.0,4,4
999,100,100,1.6187420000000001,142.076379,0.587294,98.0,0.0,92.0,91.0,91.0,92.0,91.0,91.0,4,4
